개방자치단체코드,관리번호,인허가일자,인허가취소일자,영업상태명,폐업일자,휴업시작일자,휴업종료일자,소재지우편번호,도로명우편번호,사업장명,데이터갱신구분,데이터갱신시점,도로명주소,병상수,상세영업상태명,상세영업상태코드,영업상태코드,의료기관종별명,의료인수,입원실수,전화번호,좌표정보(X),좌표정보(Y),지번주소,진료과목내용,진료과목내용명,총면적,최종수정시점
3000000,PHMA319803000034041300001,1980-12-19,,폐업,2011-05-02,,,110-714,,교보생명보험㈜ 부속의원,I,2026-04-26 22:30:30,"서울특별시 종로구 종로 1 (종로1가,교보생명빌딩 2층)",0,폐업,03,03,부속의원,4,0,027212741,197993.904628438    ,452032.958591394    ,서울특별시 종로구 종로1가 1번지 교보생명빌딩 2층,101,내과,669.7,2011-05-02 16:45:49
3000000,PHMA319843000034041300001,1984-08-17,,폐업,2006-06-28,,,110-062,,서울특별시 학교보건원,I,2026-04-26 22:30:30,,0,폐업,03,03,부속의원,1,0,,,,서울특별시 종로구 신문로2가 2-64,101,내과,0,2009-05-15 10:03:44
3000000,PHMA320213000034041300003,2021-10-01,,영업/정상,,,,,03154,KT광화문부속의원,I,2026-04-26 22:30:31,"서울특별시 종로구 세종대로 178, KT 광화문 빌딩 West 3층 (세종로)",0,영업중,13,01,부속의원,2,0,0236716891,197982.889600104    ,452206.123138933    ,서울특별시 종로구 세종로 100 KT 광화문 빌딩 West,122,가정의학과,156.43,2026-04-17 05:43:25
3000000,PHMA320213000034041300002,2021-04-21,,영업/정상,,,,,03050,감사원부속한의원,U,2026-05-15 03:03:03,"서울특별시 종로구 북촌로 112, 감사원 3층 (삼청동)",0,영업중,13,01,부속의원,2,0,0220113237,198599.124043054    ,453898.945688558    ,서울특별시 종로구 삼청동 25-23 감사원,308 307 306 305 304 302 301,"한방내과, 한방부인과, 한방안·이비인후·피부과, 한방신경정신과, 한방재활의학과, 사상체질과, 침구과",48.3,2026-05-14 13:15:40
3000000,PHMA320213000034041300001,2021-04-21,,영업/정상,,,,,03050,감사원부속치과의원,I,2026-04-26 22:30:31,"서울특별시 종로구 북촌로 112, 감사원 (삼청동)",0,영업중,13,01,부속의원,1,0,0220112683,198599.124043054    ,453898.945688558    ,서울특별시 종로구 삼청동 25-23 감사원,411 410 409 408 407 406 404 403 402,"구강악안면외과, 치과보철과, 치과교정과, 치주과, 치과보존과, 구강내과, 영상치의학과, 구강병리과, 예방치과",63.5,2025-09-29 09:29:10
3000000,PHMA320203000034041300001,2020-01-13,,영업/정상,,,,,03171,정부서울청사 부속한의원,I,2026-04-26 22:30:31,"서울특별시 종로구 세종대로 209, 정부서울청사 210호 (세종로)",0,영업중,13,01,부속의원,1,0,0221004549,197759.173462514    ,452506.21248055     ,서울특별시 종로구 세종로 77번지 6호 정부서울청사 210호,308 307 306 305 304 302 301,"한방내과, 한방부인과, 한방안·이비인후·피부과, 한방신경정신과, 한방재활의학과, 사상체질과, 침구과",47,2024-05-30 21:43:27
3000000,PHMA320173000034041300001,2007-03-26,,영업/정상,,,,,03143,SK에코플랜트&SK에코엔지니어링부속치과의원,I,2026-04-26 22:30:31,"서울특별시 종로구 율곡로2길 19, 2층 (수송동, 수송타워빌딩)",0,영업중,13,01,부속의원,2,0,0234991000,198279.787364709    ,452430.699653992    ,서울특별시 종로구 수송동 83번지 1호 수송타워빌딩 2층중 일부,411 408 407 406 403,"치과보철과, 치주과, 치과보존과, 구강내과, 예방치과",250,2026-01-27 13:32:15
3000000,PHMA320163000034041300001,2016-08-16,,영업/정상,,,,,03156,라이나생명보험(주)부속한의원,I,2026-04-26 22:30:31,"서울특별시 종로구 삼봉로 48, 13층 (청진동, 시그나타워)",0,영업중,13,01,부속의원,2,0,0237811004,198166.359660599    ,452193.22830404     ,서울특별시 종로구 청진동 188번지,308 302 301,"한방내과, 한방부인과, 침구과",44.55,2022-12-30 14:50:29
3000000,PHMA320143000034041300001,2014-05-22,,영업/정상,,,,,03156,라이나생명보험(주)부속의원,I,2026-04-26 22:30:31,"서울특별시 종로구 삼봉로 48, 13층 (청진동, 시그나타워)",0,영업중,13,01,부속의원,3,0,,198166.359660599    ,452193.22830404     ,,122,가정의학과,170.3,2021-02-16 16:45:51
3000000,PHMA320113000034041300001,2011-07-22,,영업/정상,,,,110-714,03154,교보생명보험(주) 부속의원,I,2026-04-26 22:30:31,"서울특별시 종로구 종로 1, 8층 (종로1가, 교보생명빌딩)",0,영업중,13,01,부속의원,2,0,,197993.904628438    ,452032.958591394    ,서울특별시 종로구 종로1가 1번지 교보생명빌딩 8층,101 122,"내과, 가정의학과",190,2022-12-02 01:13:25
3000000,PHMA320053000034041300001,2005-07-01,,영업/정상,,,,,03171,정부서울청사부속치과의원,I,2026-04-26 22:30:31,"서울특별시 종로구 세종대로 209, 정부서울청사 210호 (세종로)",0,영업중,13,01,부속의원,0,0,0221004545,197759.173462514    ,452506.21248055     ,,412,통합치의학과,0,2024-09-23 14:15:04
3000000,PHMA320013000034041300001,2001-01-08,,영업/정상,,,,,03171,정부서울청사부속의원,U,2026-05-08 03:03:03,"서울특별시 종로구 세종대로 209, 210호 (세종로, 정부서울청사)",0,영업중,13,01,부속의원,1,0,0221004547,,,,101,내과,0,2026-05-07 22:13:34
3000000,PHMA319723000034041300001,1972-02-18,,영업/정상,,,,110-706,03050,감사원의무실부속의원,I,2026-04-26 22:30:30,서울특별시 종로구 북촌로 112 (삼청동),0,영업중,13,01,부속의원,1,0,0220112596,198599.124043054    ,453898.945688558    ,서울특별시 종로구 삼청동 25번지 23호,101,내과,0,2021-04-02 05:13:22
3000000,PHMA320013000034041300002,2001-01-31,,폐업,2006-01-24,,,110-061,,금호생명보험㈜부속의원,I,2026-04-26 22:30:31,서울특별시 종로구 새문안로 75 (신문로1가),0,폐업,03,03,부속의원,1,0,,197542.319572426    ,452039.262262313    ,서울특별시 종로구 신문로1가 57번지,101,내과,0,2009-05-15 10:14:17
3000000,PHMA319983000034041300001,1998-04-20,,폐업,2011-02-10,,,110-011,,청운노인요양원,I,2026-04-26 22:30:31,,0,폐업,03,03,부속의원,1,0,023799232,,,구기동 216,101,내과,0,2011-02-11 09:28:13
3000000,PHMA319873000034041300002,1987-09-30,,폐업,2022-04-30,,,110-702,03160,(주)한국스탠다드차타드은행 부속치과의원,I,2026-04-26 22:30:31,"서울특별시 종로구 종로 47, 지하1층 (공평동)",0,폐업,03,03,부속의원,1,0,0237023396,198375.290383028    ,452091.983666703    ,서울특별시 종로구 공평동 100번지 지하1층,401,치과,64.17,2022-05-04 17:14:53
3000000,PHMA319873000034041300001,1987-09-30,,폐업,2009-03-31,,,110-160,,한국스탠다드차다드 제일은행부속의원,I,2026-04-26 22:30:31,,0,폐업,03,03,부속의원,1,0,0237023394,,,공평동100,101,내과,0,2009-03-31 15:13:04
3000000,PHMA319843000034041300002,1984-08-17,,폐업,2006-06-28,,,110-062,,서울특별시 학교보건원치과의원,I,2026-04-26 22:30:31,서울특별시 종로구 송월길 48 (신문로2가),0,폐업,03,03,부속의원,1,0,,196999.904314506    ,451972.796117861    ,서울특별시 종로구 신문로2가 2번지 64호,401,치과,0,2009-05-15 10:08:29
3010000,PHMA320103010033041300002,2010-06-28,,폐업,2015-01-31,,,100-192,,SK건설부속의원,I,2025-12-15 16:15:28,"서울특별시 중구 을지로 100, 2층 (을지로2가, 파인에비뉴)",0,폐업,03,03,부속의원,1,0,34991430,198921.241301241    ,451495.985361171    ,서울특별시 중구 을지로2가 203번지 파인에비뉴 2층,122,가정의학과,58,2015-07-14 11:31:46
3010000,PHMA320213010033041300002,2021-10-23,,영업/정상,,,,,04505,한국수력원자력(주)서울부속의원,U,2026-04-21 03:03:03,"서울특별시 중구 서소문로 38, 센트럴타워 2,12층 (중림동)",0,영업중,13,01,부속의원,7,0,0261064336,196948.933328771    ,450906.177832843    ,서울특별시 중구 중림동 500 센트럴타워,101 123,"내과, 핵의학과",629.24,2026-04-20 13:51:39
3010000,PHMA319723010033041300001,1972-11-24,,폐업,,,,,,국민은행부속의원,I,2025-12-15 16:15:28,,0,폐업,03,03,부속의원,0,0,20732984,,,남대문로2가 8-1 성안빌딩 ,101,내과,30,2008-12-06 13:14:19
3010000,PHMA319813010033041300001,1981-01-20,,폐업,,,,,,㈜조흥은행부속치과의원,I,2025-12-15 16:15:28,,0,폐업,03,03,부속의원,0,0,20102877,,,삼각동 66-1외 1필지,401,치과,30,2008-12-06 13:14:19
3010000,PHMA319653010033041300001,1965-10-29,,폐업,,,,,,재단법인갱생의료재단,I,2025-12-15 16:15:28,,0,폐업,03,03,부속의원,0,0,,,,소공동 79,101,내과,30,2008-12-06 13:14:19
3010000,PHMA319833010033041300002,1983-11-14,,영업/정상,,,,,04523,(주)하나은행부속치과의원,I,2025-12-15 16:15:28,"서울특별시 중구 을지로 35, 8층 (을지로1가, 하나은행)",0,영업중,13,01,부속의원,1,0,20022147,198338.095599974    ,451573.129459787    ,서울특별시 중구 을지로1가 101번지 1호 8층,408 407 406 402,"구강악안면외과, 치주과, 치과보존과, 구강내과",25.5,2025-01-24 10:57:28
3010000,PHMA319903010033041300001,1990-02-20,,영업/정상,,,,,04513,신한은행부속의원,U,2026-05-16 03:03:03,"서울특별시 중구 세종대로9길 20, 대경빌딩 신한은행 본점 15층 (태평로2가)",0,영업중,13,01,부속의원,1,0,0221515824,197699.396252332    ,450972.803825672    ,서울특별시 중구 태평로2가 120 대경빌딩 신한은행 본점,101,내과,52.8,2026-05-15 02:13:20
3010000,PHMA319933010033041300001,1993-01-14,,영업/정상,,,,,04513,신한은행부속치과의원,I,2025-12-15 16:15:28,"서울특별시 중구 세종대로9길 20, 대경빌딩 신한은행 본점 15층 (태평로2가)",0,영업중,13,01,부속의원,1,0,0221515825,197699.396252332    ,450972.803825672    ,서울특별시 중구 태평로2가 120 대경빌딩 신한은행 본점,411 410 407 406 403,"치과보철과, 치주과, 치과보존과, 구강병리과, 예방치과",53.84,2025-06-10 16:03:36
3010000,PHMA319973010033041300001,1997-01-09,,영업/정상,,,,,04515,서울특별시청치과의원,I,2025-12-15 16:15:28,"서울특별시 중구 덕수궁길 15 (서소문동, 시청별관 2동 1층)",0,영업중,13,01,부속의원,1,0,0221331827,197672.213473779    ,451336.718396022    ,,402 403 404 405 406 407 408 409 410 411 412,"구강악안면외과, 치과보철과, 치과교정과, 소아치과, 치주과, 치과보존과, 구강내과, 영상치의학과, 구강병리과, 예방치과, 통합치의학과",115.3,2025-09-19 01:13:14
3010000,PHMA320073010033041300001,2007-03-26,,제외/삭제/전출,,,,100-847,04551,SK건설부속치과의원,I,2025-12-15 16:15:28,"서울특별시 중구 을지로 100 (을지로2가, 파인에비뉴2층)",0,전출,15,05,부속의원,2,0,34991000,198921.241301241    ,451495.985361171    ,서울특별시 중구 을지로2가 203번지 파인에비뉴2층,401,치과,250,2017-04-14 15:31:34
3010000,PHMA320133010033041300001,2013-05-29,,영업/정상,,,,,04515,서울시청부속한의원,I,2025-12-15 16:15:28,"서울특별시 중구 덕수궁길 15, 1층 (서소문동, 서울시청 서소문청사2동)",0,영업중,13,01,부속의원,3,0,0221331829,197672.213473779    ,451336.718396022    ,,302 305 308 301 304 307 303 306 309,"한방내과, 한방부인과, 한방소아과, 한방안·이비인후·피부과, 한방신경정신과, 한방재활의학과, 사상체질과, 침구과, 한방응급과",64,2023-07-07 05:43:14
3010000,PHMA320153010033041300001,2015-12-02,,영업/정상,,,,,04560,씨제이부속의원,U,2026-05-01 03:03:03,"서울특별시 중구 동호로 330, 씨제이제일제당센터 3층 (쌍림동)",0,영업중,13,01,부속의원,2,0,0267400115,200219.375254761    ,451288.386735763    ,,101 105 122,"내과, 정형외과, 가정의학과",106,2026-04-30 17:25:10
3010000,PHMA320173010033041300001,2017-11-14,,영업/정상,,,,,04551,신한카드부속의원,U,2026-05-09 03:03:03,"서울특별시 중구 을지로 100, A동 3층 301호 (을지로2가)",0,영업중,13,01,부속의원,2,0,0269501688,198921.241301241    ,451495.985361171    ,,122,가정의학과,180.94,2026-05-08 04:43:16
3010000,PHMA320193010033041300001,2019-12-02,,영업/정상,,,,,04637,씨제이더센터부속의원,U,2026-05-23 03:03:03,"서울특별시 중구 소월로2길 12, 제일빌딩 5층 (남대문로5가)",0,영업중,13,01,부속의원,3,0,027268100,197802.292053706    ,450252.400952479    ,서울특별시 중구 남대문로5가 500번지 제일빌딩 5층,122 120 105 101,"내과, 정형외과, 재활의학과, 가정의학과",74,2026-05-22 03:13:19
3010000,PHMA320203020033041300001,2017-03-16,,영업/정상,,,,,04509,다시서기종합지원센터부속의원,I,2025-12-15 16:15:28,"서울특별시 중구 통일로 21, 서울역앞우체국 2,3층 (봉래동2가)",0,영업중,13,01,부속의원,0,0,027771145,197403.590119982    ,450590.945274605    ,"서울특별시 중구 봉래동2가 123번지 서울역앞우체국 2,3층",122 101,"내과, 가정의학과",132.2,2022-09-02 12:43:13
3010000,PHMA320213010033041300001,2021-05-27,,영업/정상,,,,,04606,씨제이미래원부속의원,U,2026-05-23 03:03:03,"서울특별시 중구 동호로20나길 16, 지하1층 (장충동1가)",0,영업중,13,01,부속의원,8,0,0233939609,200628.002318786    ,450818.660040219    ,,101 102 122,"내과, 신경과, 가정의학과",58.49,2026-05-22 03:13:20
3010000,PHMA319663010033041300001,1966-01-19,,영업/정상,,,,,04531,한국은행부속의원,U,2026-05-08 03:03:03,"서울특별시 중구 남대문로 39, 한국은행건물 2층 (남대문로3가)",0,영업중,13,01,부속의원,2,0,027594571,198162.595385815    ,451097.082869101    ,,101,내과,166.41,2026-05-07 11:16:31
3010000,PHMA320103010033041300001,2010-06-28,,폐업,2010-10-25,,,100-011,,기독교소비자생활협동조합부속치과의원,I,2025-12-15 16:15:28,,0,폐업,03,03,부속의원,2,0,,,,서울특별시 중구 충무로1가 24-31 (2층),401,치과,334,2010-10-25 16:04:50
3010000,PHMA320093010033041300002,2009-01-02,,폐업,2016-07-30,,,,04514,서소문삼성부속치과의원,I,2025-12-15 16:15:28,"서울특별시 중구 세종대로 73 (서소문동, 태평로빌딩)",0,폐업,03,03,부속의원,1,0,027732811,197786.630049666    ,451192.227609488    ,서울특별시 중구 서소문동 111번지 태평로빌딩 7층,401,치과,173.13,2016-07-29 17:58:07
3010000,PHMA320093010033041300001,2009-01-02,,폐업,2016-07-30,,,100-110,04514,서소문삼성부속의원,I,2025-12-15 16:15:28,"서울특별시 중구 세종대로 73 (서소문동, 태평로빌딩 7층)",0,폐업,03,03,부속의원,3,0,,197786.630049666    ,451192.227609488    ,서울특별시 중구 서소문동 111번지 태평로빌딩 7층,122,가정의학과,192.45,2016-07-29 17:24:26
3010000,PHMA320083010033041300001,2008-11-14,,폐업,2018-07-01,2018-01-16,2018-06-30,,04533,(주)호텔롯데부속의원,I,2025-12-15 16:15:28,"서울특별시 중구 을지로 30 (소공동, 지하 2층)",0,폐업,03,03,부속의원,2,0,,198259.65357739     ,451392.198218657    ,,122,가정의학과,49.37,2018-06-25 08:25:00
3010000,PHMA319943010033041300002,1994-06-25,,폐업,2008-12-31,,,,,삼성전자부속치과의원,I,2025-12-15 16:15:28,,0,폐업,03,03,부속의원,2,0,,,,"서소문동 58-9 ,3층",401,치과,190.48,2009-07-29 10:56:12
3010000,PHMA319943010033041300001,1994-06-24,,폐업,2008-12-31,,,,,삼성전자부속의원,I,2025-12-15 16:15:28,,0,폐업,03,03,부속의원,1,0,,,,서소문동 58-9 중앙빌딩 3층,101,내과,183.15,2008-12-31 15:37:13
3010000,PHMA319773010033041300001,1977-06-03,,폐업,2017-10-01,,,,04539,㈜하나은행부속치과의원,I,2025-12-15 16:15:28,"서울특별시 중구 을지로 55 (을지로2가, 하나은행별관빌딩)",0,폐업,03,03,부속의원,2,0,37885339,198519.736197762    ,451570.324241735    ,서울특별시 중구 을지로2가 9번지 10호 하나은행별관빌딩 15층,401,치과,75.1,2017-09-29 17:59:19
3010000,PHMA319763010033041300001,1976-10-22,,폐업,2009-08-05,,,,,㈜우리은행부속치과의원,I,2025-12-15 16:15:28,,0,폐업,03,03,부속의원,1,0,20025441,,,회현동2가 86외1,401,치과,82.9,2009-08-06 08:56:20
3010000,PHMA319743010033041300001,1974-02-15,,폐업,2018-10-10,,,,04534,국민은행부속치과의원,I,2025-12-15 16:15:28,"서울특별시 중구 남대문로 84, 7층 (을지로2가, 국민은행본점빌딩별관)",0,폐업,03,03,부속의원,1,0,20732985,198421.647678142    ,451369.545909652    ,서울특별시 중구 을지로2가 199번지 2호 국민은행본점빌딩별관 7층,401,치과,49.3,2018-10-10 15:25:44
3010000,PHMA319713010033041300001,1971-08-19,,폐업,2010-12-13,,,,,삼성생명보험부속의원,I,2025-12-15 16:15:28,,0,폐업,03,03,부속의원,3,0,,,,태평로2가 150,101,내과,30,2010-12-13 09:57:44
3010000,PHMA319663010033041300003,1966-03-25,,폐업,2009-08-05,,,,,㈜우리은행부속의원,I,2025-12-15 16:15:28,,0,폐업,03,03,부속의원,1,0,20025440,,,회현동2가 86외1,101,내과,273.99,2009-08-06 08:54:43
3010000,PHMA319833010033041300001,1983-11-14,,영업/정상,,,,,04523,(주)하나은행부속의원,I,2025-12-15 16:15:28,"서울특별시 중구 을지로 35, 8층 (을지로1가, 하나은행)",0,영업중,13,01,부속의원,1,0,20022153,198338.095599974    ,451573.129459787    ,서울특별시 중구 을지로1가 101번지 1호 8층,122 101,"내과, 가정의학과",150,2025-02-12 10:15:11
3010000,PHMA319813010033041300002,1981-08-24,,영업/정상,,,,,04538,중소기업은행부속치과의원,I,2026-02-21 22:30:24,"서울특별시 중구 을지로 82, IBK파이낸스타워 지하1층 (을지로2가)",0,영업중,13,01,부속의원,1,0,,198791.046999434    ,451496.528160092    ,서울특별시 중구 을지로2가 206번지 IBK파이낸스타워,412 411 410 409 408 407 406 405 404 403 402,"구강악안면외과, 치과보철과, 치과교정과, 소아치과, 치주과, 치과보존과, 구강내과, 영상치의학과, 구강병리과, 예방치과, 통합치의학과",30,2026-02-20 17:29:26
3010000,PHMA319743010033041300002,1974-03-02,,영업/정상,,,,100-788,04527,한화생명보험(주)남대문부속의원,I,2025-12-15 16:15:28,서울특별시 중구 퇴계로 25 (남대문로5가),0,영업중,13,01,부속의원,4,0,,197774.2350787      ,450583.828179602    ,서울특별시 중구 남대문로5가 166번지 한화생명보험빌딩,101,내과,547.28,2025-09-05 17:57:21
3010000,PHMA319663010033041300004,1966-12-30,,영업/정상,,,,,04515,서울시청부속의원,I,2025-12-15 16:15:28,"서울특별시 중구 덕수궁길 15 (서소문동, 시청별관 2동 1층)",0,영업중,13,01,부속의원,3,0,0221331832,197672.213473779    ,451336.718396022    ,,122,가정의학과,140,2023-11-10 05:43:12
3010000,PHMA319663010033041300002,1966-01-19,,영업/정상,,,,,04531,한국은행부속치과의원,U,2026-05-08 03:03:03,"서울특별시 중구 남대문로 39, 본관 2층 (남대문로3가)",0,영업중,13,01,부속의원,1,0,027594574,198162.595385815    ,451097.082869101    ,,402 403 404 406 407 408 409 410 411 412,"구강악안면외과, 치과보철과, 치과교정과, 치주과, 치과보존과, 구강내과, 영상치의학과, 구강병리과, 예방치과, 통합치의학과",113.74,2026-05-07 11:13:59
3010000,PHMA320203010033041300001,2020-06-25,,폐업,2020-11-30,,,,04526,장금상선(주)부속의원,I,2025-12-15 16:15:28,"서울특별시 중구 세종대로 64, 해남빌딩 1층 (태평로2가)",0,폐업,03,03,부속의원,2,0,0264962242,197876.042588141    ,451080.109295385    ,서울특별시 중구 태평로2가 70번지 5호 해남빌딩 1층,113 109 103 101,"내과, 정신건강의학과, 마취통증의학과, 이비인후과",37.8,2020-12-18 14:51:49
3020000,PHMA320103020033041300001,2010-01-04,,폐업,2018-04-09,,,140-893,04348,한남부속치과의원,I,2026-04-27 22:30:31,서울특별시 용산구 이태원로55길 20 (한남동),0,폐업,03,03,부속의원,7,0,027926118,199952.013298909    ,448445.419429126    ,서울특별시 용산구 한남동 741번지 1호 1층,401,치과,358.32,2018-04-09 17:38:39
3020000,PHMA320133020033041300001,2013-11-28,,영업/정상,,,,,04310,숙명여자대학교 보건의료센터 부속의원,I,2026-04-27 22:30:31,서울특별시 용산구 청파로47길 100 (청파동2가),0,영업중,13,01,부속의원,2,0,027109143,196831.461759469    ,449320.370380461    ,,101,내과,29.75,2025-04-02 10:15:45
3020000,PHMA320173020033041300001,2017-03-16,,제외/삭제/전출,,,,,04320,다시서기종합지원센터부속의원,I,2026-04-27 22:30:31,서울특별시 용산구 한강대로 379-2 (동자동),0,전출,15,05,부속의원,2,0,0221337493,197467.136866231    ,450003.104806427    ,서울특별시 용산구 동자동 43번지 64호,122 101,"내과, 가정의학과",132.2,2020-02-19 09:39:36
3020000,PHMA320183020033041300001,2018-01-03,,영업/정상,,,,,04386,아모레퍼시픽 부속의원,I,2026-04-27 22:30:31,"서울특별시 용산구 한강대로 100, 아모레퍼시픽 16층 (한강로2가)",0,영업중,13,01,부속의원,1,0,0260404036,197158.923647874    ,447399.964398158    ,서울특별시 용산구 한강로2가 181번지 아모레퍼시픽,122 120 116 115 114 113 112 111 110 101,"내과, 산부인과, 소아청소년과, 안과, 이비인후과, 피부과, 비뇨의학과, 영상의학과, 재활의학과, 가정의학과",354.61,2026-01-23 03:13:14
3020000,PHMA320233020033041300001,2023-12-19,,영업/정상,,,,,04389,하이브 헬스케어 부속의원,I,2026-04-27 22:30:31,"서울특별시 용산구 한강대로 42, HYBE 7층 005호 (한강로3가)",0,영업중,13,01,부속의원,2,0,,196768.132356945    ,446931.975248096    ,서울특별시 용산구 한강로3가 65-9 HYBE 7층 005호,122 105 103 101,"내과, 정신건강의학과, 정형외과, 가정의학과",166.15,2024-10-21 09:59:01
3030000,PHMA320023030033041300001,2002-11-15,,폐업,2011-01-27,2010-09-02,2011-03-01,,,교보보험심사㈜부속의원,I,2026-05-03 22:00:31,,0,폐업,03,03,부속의원,1,0,0222904201,,,서울특별시 성동구 도선동 286번지 교보빌딩 802호,101,내과,19.76,2011-01-27 13:25:04
3030000,PHMA320083030033021300001,2008-09-16,,폐업,2010-07-13,,,,,큰나무의료소비자생활협동조합부속소문난치과의원,I,2026-05-03 22:00:31,,0,폐업,03,03,부속병원,1,0,0222442875,,,서울특별시 용답동 101번지 10호,401,치과,139.1,2010-07-13 13:56:09
3040000,PHMA320123040033021300001,2012-06-14,,영업/정상,,,,472-070,12268,경희무릅나무한의원 부속 원외탕전실,I,2026-05-08 22:50:55,"경기도 남양주시 강변북로651번길 14, 1층 (수석동)",0,영업중,13,01,기타,1,0,0315628228,214907.13751595     ,453910.875048844    ,경기도 남양주시 수석동 370번지 2호  1층,607,기타,187.5,2012-08-02 11:05:34
3040000,PHMA320093040033041300001,2009-05-01,,폐업,2016-07-21,,,143-900,,한국전인의료소비자생활협동조합 부속 혜성의원,I,2026-05-08 22:50:55,"서울특별시 광진구 면목로 155 (중곡동,(2층))",0,폐업,03,03,부속의원,1,0,34095511,207156.269772055    ,451672.917080488    ,서울특별시 광진구 중곡3동 173번지 3호 (2층),122 101 106 105 104 115 111 114,"내과, 외과, 정형외과, 신경외과, 소아청소년과, 피부과, 비뇨의학과, 가정의학과",193,2016-07-21 16:12:34
3050000,PHMA320103050034041300001,2010-04-14,,폐업,2010-10-12,,,130-865,,동대문우리경동부속한의원,I,2026-05-10 22:57:08,"서울특별시 동대문구 왕산로 143 (제기동,삼화빌딩 2층)",0,폐업,03,03,부속의원,1,0,,203395.308400587    ,452922.376839569    ,서울특별시 동대문구 제기동 1016번지 삼화빌딩 2층,301 304 307 308 305 302 309 306 303,"한방내과, 한방부인과, 한방소아과, 한방안·이비인후·피부과, 한방신경정신과, 한방재활의학과, 사상체질과, 침구과, 한방응급과",154,2010-10-12 14:31:25
3050000,PHMA320103050034041300002,2010-07-12,,폐업,2010-10-19,,,130-805,,큰나무의료생활협동조합소문난부속치과의원,I,2026-05-10 22:57:08,"서울특별시 동대문구 천호대로 263 (답십리동,부룡빌딩 7층)",0,폐업,03,03,부속의원,1,0,22442875,204447.698147581    ,451803.558407339    ,서울특별시 동대문구 답십리1동 497번지 67호 부룡빌딩 7층,401,치과,245,2010-10-19 16:20:32
3050000,PHMA320103050034041300003,2010-10-05,,폐업,2010-10-18,,,130-867,,연제의료생협청명부속한의원,I,2026-05-10 22:57:09,"서울특별시 동대문구 왕산로 225 (청량리동,미주상가A동 411호)",0,폐업,03,03,부속의원,1,0,,204089.817117361    ,453314.135663101    ,서울특별시 동대문구 청량리동 235번지 4호 미주상가A동 411호,301 304 307 302 305 308 303 306 309,"한방내과, 한방부인과, 한방소아과, 한방안·이비인후·피부과, 한방신경정신과, 한방재활의학과, 사상체질과, 침구과, 한방응급과",127.6,2010-10-18 17:43:11
3070000,PHMA320163070034041300001,2016-02-17,,영업/정상,,,,,02797,노블레스타워 부속의원,I,2026-05-06 22:44:53,"서울특별시 성북구 종암로 90, 1층 (종암동, 노블레스타워)",0,영업중,13,01,부속의원,2,0,029176090,203072.630557158    ,455135.778600391    ,서울특별시 성북구 종암동 3번지 91호,122 120 115 114 113 105 102 101,"내과, 신경과, 정형외과, 이비인후과, 피부과, 비뇨의학과, 재활의학과, 가정의학과",193.4,2025-03-13 22:13:17
3090000,PHMA320013090033041300001,2001-04-23,,폐업,2020-08-06,,,,01450,한국수력원자력㈜부속의원서울분원,I,2026-05-07 22:40:16,"서울특별시 도봉구 우이천로 308 (쌍문동, 방사선보건연구원)",0,폐업,03,03,부속의원,1,0,0312893655,202466.119176743    ,460394.329853007    ,,123,핵의학과,1510,2020-08-06 17:53:34
3110000,PHMA320103110032041300001,2010-07-14,,폐업,2011-01-03,,,122-819,,국민의료소비자생활협동조합은평지점 월오부속한의원,I,2026-05-07 22:30:31,"서울특별시 은평구 서오릉로 145 (구산동,4층)",0,폐업,03,03,부속의원,3,0,,192563.874496397    ,456570.084566278    ,서울특별시 은평구 구산동 1번지 24호  4층,301 304 307 302 305 308 303 306 309,"한방내과, 한방부인과, 한방소아과, 한방안·이비인후·피부과, 한방신경정신과, 한방재활의학과, 사상체질과, 침구과, 한방응급과",234.59,2011-01-17 15:29:31
3110000,PHMA319993110032041300001,1999-02-01,,폐업,2017-02-17,,,122-716,03428,사회복지법인서울가톨릭사회복지회 은평의마을 부속의원,I,2026-05-07 22:30:31,서울특별시 은평구 갈현로15길 27-1 (구산동),0,폐업,03,03,부속의원,10,0,0231566300,191586.345450482    ,456126.193794505    ,서울특별시 은평구 구산동 172번지 2호,101 103 120,"내과, 정신건강의학과, 재활의학과",90,2017-02-20 09:13:15
3110000,PHMA320093110032041300001,2009-10-06,,폐업,2012-09-01,,,122-823,,의료생활협동조합내이새이덴부속치과의원,I,2026-05-07 22:30:31,서울특별시 은평구 서오릉로 193 (구산동),0,폐업,03,03,부속의원,2,0,,192164.787576508    ,456783.723389013    ,서울특별시 은평구 구산동 200번지 2호,401,치과,212,2012-08-29 17:17:24
3120000,PHMA319963120033021300001,1996-09-01,,영업/정상,,,,,03722,연세대학교부속건강센터,I,2025-12-15 16:15:28,"서울특별시 서대문구 연세로 50 (신촌동, 연세대학교)",0,영업중,13,01,학교시설,3,0,21233346,194584.959249312    ,451381.585492051    ,서울특별시 서대문구 신촌동 연세대학교,606,학교시설,266,2023-02-28 10:19:11
3120000,PHMA320003120033021300001,2000-04-14,,영업/정상,,,,120-750,03760,이화여자대학교부속기관대학건강센터,I,2025-12-15 16:15:28,"서울특별시 서대문구 이화여대길 52 (대현동, 이화여자대학교)",0,영업중,13,01,학교시설,2,0,32773178,195287.766418517    ,451143.789306014    ,서울특별시 서대문구 대현동 34번지 1호 이화여자대학교,606,학교시설,10,2018-05-14 11:27:52
3130000,PHMA320183130033041300001,2018-04-13,,영업/정상,,,,,03926,씨제이이엔엠(CJ ENM)부속의원,I,2026-05-01 22:02:00,"서울특별시 마포구 상암산로 66, CJ E&M CENTER 7층 (상암동)",0,영업중,13,01,부속의원,2,0,023719001,190353.477730395    ,452920.29167189     ,서울특별시 마포구 상암동 1606번지 CJ E&M CENTER,122 101,"내과, 가정의학과",133.73,2024-04-19 16:18:30
3140000,PHMA320243140033041300001,2024-04-24,,영업/정상,,,,,08088,서울남부지방법원 부속 의원,I,2026-05-09 22:51:51,"서울특별시 양천구 신월로 386, 서울남부지방법원 6층 609호 (신정동)",0,영업중,13,01,부속의원,2,0,0221921999,187923.378903525    ,446606.565490213    ,서울특별시 양천구 신정동 313-1 서울남부지방법원,101,내과,70.56,2024-05-16 21:43:18
3150000,PHMA320093150037041300001,2009-01-28,,폐업,2011-07-25,,,157-280,,서울하나의료생활협동조합부속 이오스치과의원,I,2026-04-27 22:31:09,"서울특별시 강서구 강서로 257 (내발산동,2층)",0,폐업,03,03,부속의원,1,0,,185438.705020862    ,449614.74114981     ,서울특별시 강서구 내발산동 723번지 4호 2층,401,치과,129.8,2011-07-25 14:56:13
3150000,PHMA319913150037041300001,1991-05-30,,폐업,2025-05-30,,,157-270,07505,아시아나항공㈜ 부속의원,I,2026-04-27 22:31:09,"서울특별시 강서구 오정로 443-100, 4층 (오쇠동, 교육훈련동)",0,폐업,03,03,부속의원,12,0,0226693802,182286.078276094    ,449207.30255154     ,서울특별시 강서구 오쇠동 47번지 9호 교육훈련동 4층,122,가정의학과,1214.78,2025-06-02 16:15:07
3150000,PHMA319713150037041300001,1971-07-21,,영업/정상,,,,,07505,㈜대한항공부속의원,I,2026-04-27 22:31:09,"서울특별시 강서구 하늘길 260, 대한항공 5층 (공항동)",0,영업중,13,01,부속의원,26,0,0226563865,183340.570262895    ,449522.978960208    ,,101 122,"내과, 가정의학과",2175.43,2024-03-27 15:10:46
3160000,PHMA320053160034021300273,2005-09-30,,영업/정상,,,,152-130,08367,서울남부교도소부속치과의원,I,2026-05-11 22:48:47,서울특별시 구로구 금오로 867 (천왕동),0,영업중,13,01,부속의원,1,0,0226192780,185530.717402739    ,441675.376027035    ,서울특별시 구로구 천왕동 272번지,401,치과,24.84,2018-11-28 14:32:16
3160000,PHMA320053160034021300650,2005-09-30,,영업/정상,,,,152-130,08367,서울남부구치소부속의원,I,2026-05-11 22:48:47,서울특별시 구로구 금오로 865 (천왕동),0,영업중,13,01,부속의원,3,0,0221050391,185530.717402739    ,441675.376027035    ,서울특별시 구로구 천왕동 272번지,101 104,"내과, 외과",208,2022-03-25 10:43:20
3160000,PHMA320053160034021300651,2005-09-30,,영업/정상,,,,152-130,08367,서울남부교도소부속의원,I,2026-05-11 22:48:48,서울특별시 구로구 금오로 867 (천왕동),1,영업중,13,01,부속의원,1,0,0220830375,185530.717402739    ,441675.376027035    ,서울특별시 구로구 천왕동 272번지,104,외과,978,2025-09-05 12:13:15
3180000,PHMA319003180034041300005,1900-01-01,,취소/말소/만료/정지/중지,2015-04-24,,,,,한국방송공사부속치과의원,I,2026-05-11 22:48:52,,0,직권폐업,24,04,부속의원,1,0,,,,서울 영등포구,101,내과,0,2015-04-24 10:11:51
3180000,PHMA319843180034041300001,1984-12-28,,취소/말소/만료/정지/중지,2015-02-09,,,,,한국주택은행부속의원,I,2026-05-11 22:48:54,,0,직권폐업,24,04,부속의원,1,0,0220764047,,,서울특별시 영등포구 여의도동   36-2,101,내과,0,2015-02-09 17:24:43
3180000,PHMA319843180034041300002,1984-12-28,,취소/말소/만료/정지/중지,2015-02-09,,,,,한국주택은행부속치과의원,I,2026-05-11 22:48:55,,0,직권폐업,24,04,부속의원,1,0,0220764047,,,서울특별시 영등포구 여의도동   36-3,101,내과,0,2015-02-09 17:23:37
3180000,PHMA320243180034041300001,2024-07-12,,영업/정상,,,,,07336,엘지트윈부속의원,I,2026-05-11 22:49:04,"서울특별시 영등포구 여의대로 128, 엘지트윈타워 서관동 2층 (여의도동)",0,영업중,13,01,부속의원,3,0,0237731114,193674.743726431    ,447296.226305826    ,서울특별시 영등포구 여의도동 20,113 122 104 110 106 101,"내과, 외과, 신경외과, 산부인과, 이비인후과, 가정의학과",243,2025-08-01 03:13:20
3180000,PHMA320223180034041300001,2022-08-29,,영업/정상,,,,,07335,엘지에너지솔루션부속의원,I,2026-05-11 22:49:03,"서울특별시 영등포구 여의대로 108, 파크원 2층 (여의도동)",0,영업중,13,01,부속의원,3,0,0221180018,193592.000380036    ,447092.629432527    ,서울특별시 영등포구 여의도동 22 파크원,122 101,"내과, 가정의학과",181.49,2026-04-16 22:13:18
3180000,PHMA319773180034041300001,1977-03-28,,폐업,2015-04-24,,,,,대한결핵협회결핵연구원부설복십자의원,I,2026-05-11 22:48:53,,0,폐업,03,03,부속의원,1,0,0220764047,,,서울특별시 영등포구 당산동6가   121-150,101,내과,0,2015-04-24 10:05:09
3180000,PHMA319003180034041300004,1900-01-01,,폐업,2003-10-06,,,,,알리안츠제일생명보험(주)부속의원,I,2026-05-11 22:48:52,,0,폐업,03,03,부속의원,1,0,0220764047,,,서울특별시 영등포구 여의도동 알리안츠타워6층  45-21,101,내과,0,2015-04-24 10:09:57
3180000,PHMA320263180034041300001,2026-04-07,,영업/정상,,,,,07237,현대카드 부속의원,I,2026-05-11 22:49:05,"서울특별시 영등포구 의사당대로 3, 현대카드빌딩 1관 1층 (여의도동)",0,영업중,13,01,부속의원,1,0,0221676070,192689.645965823    ,447427.723209548    ,서울특별시 영등포구 여의도동 15-21 현대카드빌딩 1관,122 120 111 101,"내과, 소아청소년과, 재활의학과, 가정의학과",85.97,2026-04-13 13:31:15
3180000,PHMA319003180034041300001,1900-01-01,,영업/정상,,,,,07360,병무청중앙신체검사소,I,2026-05-11 22:48:50,"서울특별시 영등포구 여의대방로43길 13 (신길동, 서울지방병무청)",0,영업중,13,01,병무청,1,0,028204195,192716.932289278    ,444779.980000876    ,서울특별시 영등포구 신길동 산 159번지 1호,101,내과,0,2015-11-30 16:20:52
3180000,PHMA319703180034041300001,1970-08-20,,영업/정상,,,,,07360,서울지방병무청,I,2026-05-11 22:48:52,"서울특별시 영등포구 여의대방로43길 13 (신길동, 서울지방병무청)",0,영업중,13,01,병무청,1,0,25889090,192716.932289278    ,444779.980000876    ,서울특별시 영등포구 신길동 산 159번지 1호,101,내과,0,2015-11-30 16:19:01
3180000,PHMA319803180034041300001,1980-01-26,,영업/정상,,,,150-996,07242,한국수출입은행부속치과의원,I,2026-05-11 22:48:54,서울특별시 영등포구 은행로 38 (여의도동),0,영업중,13,01,부속의원,1,0,0222191123,193159.124448371    ,447376.605815263    ,서울특별시 영등포구 여의도동 16번지 1호,411 410 409 408 407 406 405 404 403 402,"구강악안면외과, 치과보철과, 치과교정과, 소아치과, 치주과, 치과보존과, 구강내과, 영상치의학과, 구강병리과, 예방치과",0,2017-02-28 16:15:34
3180000,PHMA319923180034041300001,1992-01-21,,영업/정상,,,,,07345,한화생명보험(주)본사 부속의원,I,2026-05-11 22:48:56,서울특별시 영등포구 63로 50 (여의도동),0,영업중,13,01,부속의원,5,0,027898564,194632.526367463    ,446401.926526228    ,,101,내과,1499,2025-08-21 10:26:27
3180000,PHMA319993180034041300001,1999-05-01,,영업/정상,,,,,07321,금융감독원부속치과의원,I,2026-05-11 22:48:58,서울특별시 영등포구 여의대로 38 (여의도동),0,영업중,13,01,부속의원,1,0,0231456191,192976.019743053    ,446761.108856206    ,,412 411,"예방치과, 통합치의학과",0,2024-09-27 18:28:21
3180000,PHMA320013180034041300001,2000-10-26,,영업/정상,,,,150-701,07233,국회사무처부속의원,I,2026-05-11 22:49:00,서울특별시 영등포구 의사당대로 1 (여의도동),0,영업중,13,01,부속의원,5,0,0267883495,192450.93552236     ,447649.476828035    ,서울특별시 영등포구 여의도동 1번지,101,내과,0,2025-06-20 00:43:21
3180000,PHMA320013180034041300002,2001-07-25,,영업/정상,,,,,07233,국회사무처부속치과의원,I,2026-05-11 22:49:00,서울특별시 영등포구 의사당대로 1 (여의도동),0,영업중,13,01,부속의원,1,0,027882823,192450.93552236     ,447649.476828035    ,,412,통합치의학과,0,2024-09-11 10:14:20
3180000,PHMA320043180034041300001,2004-06-02,,영업/정상,,,,150-873,07242,한국산업은행부속치과의원,I,2026-05-11 22:49:01,"서울특별시 영등포구 은행로 22, 8층 (여의도동)",0,영업중,13,01,부속의원,1,0,027875946,193039.952033563    ,447284.13571441     ,서울특별시 영등포구 여의도동 16번지 8층,412 411 410 409 408 407 406 405 404 403 402,"구강악안면외과, 치과보철과, 치과교정과, 소아치과, 치주과, 치과보존과, 구강내과, 영상치의학과, 구강병리과, 예방치과, 통합치의학과",125,2025-10-02 17:50:01
3180000,PHMA320143180034041300001,2014-01-02,,영업/정상,,,,,07233,국회사무처부속한의원,I,2026-05-11 22:49:01,"서울특별시 영등포구 의사당대로 1, 국회 본청동 130호 (여의도동)",0,영업중,13,01,부속의원,5,0,027883575,192450.93552236     ,447649.476828035    ,,301 302 303 304 305 306 307 308,"한방내과, 한방부인과, 한방소아과, 한방안·이비인후·피부과, 한방신경정신과, 한방재활의학과, 사상체질과, 침구과",112.2,2025-01-09 10:18:26
3180000,PHMA320173180034041300001,2017-03-16,,영업/정상,,,,,07254,영등포보현종합지원센터 부속의원,I,2026-05-11 22:49:02,"서울특별시 영등포구 버드나루로 24, 1층 (영등포동2가, 보현의집)",0,영업중,13,01,부속의원,2,0,0220691604,192208.24514318     ,446551.561824407    ,서울특별시 영등포구 영등포동2가 94번지 31호 1층,122 101,"내과, 가정의학과",71.7,2025-06-05 14:13:03
3180000,PHMA320213180034041300001,2021-07-09,,영업/정상,,,,,07332,국민은행 본점 부속의원,I,2026-05-11 22:49:03,"서울특별시 영등포구 의사당대로 141, KB국민은행 신관 23층 (여의도동)",0,영업중,13,01,부속의원,2,0,0220738720,193503.389449662    ,446354.660316797    ,,122,가정의학과,207.76,2025-05-27 10:55:34
3180000,PHMA319973180034041300001,1997-10-08,,폐업,2012-10-22,,,,,근로복지공단,I,2026-05-11 22:48:58,,0,폐업,03,03,부속의원,1,0,0220764047,,,서울특별시 영등포구 영등포동2가   94-267,101,내과,0,2012-10-22 15:39:19
3180000,PHMA319003180034041300003,1900-01-01,,폐업,,,,,,제일화재부속의원,I,2026-05-11 22:48:52,,0,폐업,03,03,부속의원,0,0,0220764047,,,서울특별시 영등포구 문래동6가   8-0,101,내과,0,2008-12-18 18:44:32
3180000,PHMA319773180034041300002,1977-12-06,,폐업,2024-08-19,,,150-996,07242,한국수출입은행부속의원,I,2026-05-11 22:48:54,서울특별시 영등포구 은행로 38 (여의도동),0,폐업,03,03,부속의원,1,0,0237796895,193159.124448371    ,447376.605815263    ,서울특별시 영등포구 여의도동 16번지 1호,101,내과,0,2024-08-05 09:44:13
3180000,PHMA320003180034041300001,2000-10-26,,폐업,2021-07-01,,,150-758,07331,국민은행부속치과의원,I,2026-05-11 22:48:59,서울특별시 영등포구 국제금융로8길 26 (여의도동),0,폐업,03,03,부속의원,1,0,,193555.404623589    ,446518.232651645    ,서울특별시 영등포구 여의도동 36번지 3호,411 408,"구강내과, 예방치과",53,2021-06-30 09:27:13
3180000,PHMA319003180034041300002,1900-01-01,,폐업,,,,,,롯데역사(주)부속의원,I,2026-05-11 22:48:51,,0,폐업,03,03,부속의원,0,0,0220764047,,,서울특별시 영등포구 영등포동   618-496,101,내과,0,2008-12-18 18:44:32
3200000,PHMA320103200033041300002,2010-07-28,,취소/말소/만료/정지/중지,2025-08-26,,,151-820,08782,대한의료생협부속한의원,I,2026-05-08 22:46:26,"서울특별시 관악구 남부순환로 1702, 2층 (봉천동)",0,직권폐업,24,04,부속의원,1,0,,194548.651692342    ,442330.324311379    ,서울특별시 관악구 봉천동 945번지 1호 2층,301 302 303 304 305 308 307,"한방내과, 한방부인과, 한방소아과, 한방안·이비인후·피부과, 한방신경정신과, 사상체질과, 침구과",239.86,2025-08-26 16:07:06
3200000,PHMA320113200033041300001,2011-08-29,,영업/정상,,,,151-742,08826,서울대학교직장부속의원,U,2026-05-16 03:03:03,"서울특별시 관악구 관악로 1, 63동 3층 (신림동)",0,영업중,13,01,부속의원,16,0,,196139.864969792    ,439023.167125842    ,서울특별시 관악구 신림동 산 56번지 1호 서울대학교,122 114 113 112 110 105 103 101,"내과, 정신건강의학과, 정형외과, 산부인과, 안과, 이비인후과, 피부과, 가정의학과",1050,2026-05-15 05:13:17
3200000,PHMA320103200033041300003,2010-08-02,,폐업,2010-10-21,,,151-820,,연제의료생협부속한의원,I,2026-05-08 22:46:26,"서울특별시 관악구 쑥고개로 123 (봉천동,201호)",0,폐업,03,03,부속의원,1,0,,195537.455758615    ,441881.427207575    ,서울특별시 관악구 청룡동 1568번지 1호 201호,301 304 302 305 303 308,"한방내과, 한방부인과, 한방소아과, 한방안·이비인후·피부과, 한방신경정신과, 침구과",73.48,2010-10-21 14:20:51
3200000,PHMA320103200033041300004,2010-10-25,,폐업,2010-12-20,,,151-820,,연제의료생협부속한의원,I,2026-05-08 22:46:26,"서울특별시 관악구 쑥고개로 123 (봉천동,2층)",0,폐업,03,03,부속의원,1,0,,195537.455758615    ,441881.427207575    ,서울특별시 관악구 청룡동 1568번지 1호 2층,305 302 301 304 306 303 309 308 307,"한방내과, 한방부인과, 한방소아과, 한방안·이비인후·피부과, 한방신경정신과, 한방재활의학과, 사상체질과, 침구과, 한방응급과",73.48,2010-12-20 17:24:06
3200000,PHMA320103200033041300001,2010-07-19,,폐업,2010-07-27,,,151-839,,대한의료소비자 생활협동조합 부속의원,I,2026-05-08 22:46:26,"서울특별시 관악구 남부순환로 1702 (봉천동,2층)",0,폐업,03,03,부속의원,1,0,,194548.651692342    ,442330.324311379    ,서울특별시 관악구 청룡동 945번지 1호 2층,101 102 105,"내과, 신경과, 정형외과",239.86,2010-07-28 16:24:52
3200000,PHMA320233200033041300001,2023-06-09,,폐업,2023-07-25,,,,08810,방패치과의원,I,2026-05-08 22:46:26,"서울특별시 관악구 과천대로 851 (남현동, 한울아파트)",0,폐업,03,03,부속의원,1,0,025241718,198675.092821991    ,440118.574000488    ,서울특별시 관악구 남현동 산 100-34 한울아파트,410 402 408 412 404 403 407 406 411,"구강악안면외과, 치과보철과, 치과교정과, 치주과, 치과보존과, 구강내과, 구강병리과, 예방치과, 통합치의학과",66,2023-08-07 09:04:14
3200000,PHMA320233200033041300002,2023-06-09,,폐업,2023-07-25,,,,08810,방패한의원,I,2026-05-08 22:46:26,"서울특별시 관악구 과천대로 851 (남현동, 한울아파트)",0,폐업,03,03,부속의원,2,0,025241718,198675.092821991    ,440118.574000488    ,서울특별시 관악구 남현동 산 100-34 한울아파트,307 301 303 302 306 308 305 304,"한방내과, 한방부인과, 한방소아과, 한방안·이비인후·피부과, 한방신경정신과, 한방재활의학과, 사상체질과, 침구과",78,2023-08-07 09:03:41
3200000,PHMA320113200033041300002,2011-12-09,,영업/정상,,,,151-742,08826,서울대학교직장부속치과의원,I,2026-05-08 22:46:26,서울특별시 관악구 관악로 1 (신림동),0,영업중,13,01,부속의원,1,0,028805338,196139.864969792    ,439023.167125842    ,서울특별시 관악구 대학동 56번지 1호,408 407 406 404 403 402,"구강악안면외과, 치과보철과, 치과교정과, 치주과, 치과보존과, 구강내과",75,2024-03-08 10:43:16
3200000,PHMA320123200033021300001,2012-11-21,,폐업,2023-07-25,,,151-754,08810,방패의원,I,2026-05-08 22:46:26,"서울특별시 관악구 과천대로 851 (남현동, 수도방위사령부)",0,폐업,03,03,부속의원,1,0,025241701,198675.092821991    ,440118.574000488    ,서울특별시 관악구 남현동 사서함 2003-2,126 125 124 123 122 121 120 119 118 117 116 115 114 113 112 111 110 109 108 107 106 105 104 103 102 101,"내과, 신경과, 정신건강의학과, 외과, 정형외과, 신경외과, 심장혈관흉부외과, 성형외과, 마취통증의학과, 산부인과, 소아청소년과, 안과, 이비인후과, 피부과, 비뇨의학과, 영상의학과, 방사선종양학과, 병리과, 진단검사의학과, 재활의학과, 결핵과, 가정의학과, 핵의학과, 직업환경의학과, 응급의학과, 예방의학과",200,2023-08-04 16:18:26
3210000,PHMA320073210034041300001,2007-07-20,,폐업,2010-12-15,,,137-072,,삼성생명부속강남의원,I,2026-05-11 23:04:08,"서울특별시 서초구 서초대로74길 4 (서초동,삼성생명서초타워 3층)",0,폐업,03,03,부속의원,1,0,34511474,202210.515558775    ,443837.761530409    ,서울특별시 서초구 서초2동 1321번지 15호 삼성생명서초타워 3층,101 116,"내과, 영상의학과",773.44,2010-12-15 16:38:24
3210000,PHMA320043210034041300001,2004-09-14,,폐업,2011-05-09,,,137-855,,교보생명보험(주)부속의원,I,2026-05-11 23:04:08,"서울특별시 서초구 강남대로 465 (서초동,교보타워 3층)",0,폐업,03,03,부속의원,1,0,,202058.674687128    ,444618.16731522     ,서울특별시 서초구 서초4동 1303번지 22호 교보타워 3층,122 119 116,"영상의학과, 진단검사의학과, 가정의학과",871.66,2013-03-27 09:47:25
3210000,PHMA320083210034041300001,2008-11-21,,영업/정상,,,,,06620,서초삼성부속의원,U,2026-05-23 03:03:03,"서울특별시 서초구 서초대로74길 11, 삼성전자빌딩 지하2,2층 (서초동)",0,영업중,13,01,부속의원,9,0,027726154,202305.084677949    ,443831.909375165    ,서울특별시 서초구 서초동 1320번지 10호 삼성전자빌딩,103 122,"정신건강의학과, 가정의학과",327.12,2026-05-22 03:43:26
3210000,PHMA320213210034041300001,2021-11-10,,영업/정상,,,,,06763,케이티(KT)우면부속의원,I,2026-05-11 23:04:09,"서울특별시 서초구 태봉로 151, 한국통신연구개발본부 1층 (우면동)",0,영업중,13,01,부속의원,1,0,025265031,202497.519150037    ,441019.955686197    ,서울특별시 서초구 우면동 17 한국통신연구개발본부,122,가정의학과,122.6,2026-05-08 01:43:22
3210000,PHMA320203210034041300001,2020-03-24,,영업/정상,,,,,06590,법원행정처 부속의원,I,2026-05-11 23:04:09,"서울특별시 서초구 서초대로 219, 대법원 청사 1층 (서초동)",0,영업중,13,01,부속의원,2,0,0234801313,200403.913823457    ,443343.497359744    ,서울특별시 서초구 서초동 967번지 대법원청사 1층,122 101,"내과, 가정의학과",83.64,2020-04-02 23:43:19
3210000,PHMA320183210034041300001,2018-06-25,,영업/정상,,,,,06761,씨제이이엔엠(CJ ENM)부속의원,I,2026-05-11 23:04:08,"서울특별시 서초구 과천대로 870-13, (주)CJ ENM (방배동)",0,영업중,13,01,부속의원,2,0,0221071119,198836.324746887    ,440753.993971457    ,서울특별시 서초구 방배동 2724 (주)CJ ENM,101 105 122,"내과, 정형외과, 가정의학과",215.98,2026-04-24 03:43:24
3210000,PHMA320153210034041300002,2015-12-07,,영업/정상,,,,,06765,삼성전자 서울알앤디(R&D)부속 치과의원,I,2026-05-11 23:04:08,"서울특별시 서초구 성촌길 34, F동 지1층 (우면동, (주)삼성전자 우면R&D 쎈터)",0,영업중,13,01,부속의원,1,0,0261473699,202070.429402224    ,440438.965829416    ,,412,통합치의학과,325.05,2026-01-07 16:27:49
3210000,PHMA320153210034041300001,2015-11-06,,영업/정상,,,,,06765,삼성전자 서울알앤디(R&D) 부속의원,U,2026-05-23 03:03:03,"서울특별시 서초구 성촌길 34, F동 지1층 (우면동, (주)삼성전자 우면R&D 쎈터)",0,영업중,13,01,부속의원,8,0,0261473690,202070.429402224    ,440438.965829416    ,,103 122,"정신건강의학과, 가정의학과",963.95,2026-05-22 03:13:37
3210000,PHMA320143210034041300002,2014-12-03,,영업/정상,,,,137-735,06594,서울법원종합청사부속의원,I,2026-05-11 23:04:08,"서울특별시 서초구 서초중앙로 157 (서초동, 동관7층)",0,영업중,13,01,부속의원,2,0,025301268,200939.262819649    ,443867.172593905    ,서울특별시 서초구 서초동 1701번지 1호 동관7층,101,내과,111.53,2018-09-19 13:37:07
3210000,PHMA320143210034041300001,2014-09-22,,제외/삭제/전출,,,,137-751,06627,멀츠아시아퍼시픽피티이엘티디(영업소)부속의원,I,2026-05-11 23:04:08,"서울특별시 서초구 강남대로 327, 19층 (서초동, 대륭서초타워)",0,전출,15,05,부속의원,2,0,07075658494,202559.861737709    ,443317.21602255     ,서울특별시 서초구 서초동 1337번지 20호 19층,101 113 114,"내과, 이비인후과, 피부과",30.32,2018-09-07 15:38:57
3210000,PHMA320083210034041300002,2008-11-21,,영업/정상,,,,,06620,서초삼성부속치과의원,I,2026-05-11 23:04:08,"서울특별시 서초구 서초대로74길 11 (서초동, 지하2층)",0,영업중,13,01,부속의원,1,0,027726154,202305.084677949    ,443831.909375165    ,,402 403 406 407,"구강악안면외과, 치과보철과, 치주과, 치과보존과",429.8,2024-11-15 15:57:03
3220000,PHMA320173220033041300003,2017-04-10,,폐업,2022-12-31,,,,06302,바디프랜드부속한의원,I,2026-05-05 22:00:41,"서울특별시 강남구 양재천로 163, 바디프랜드 도곡타워 5층 (도곡동)",0,폐업,03,03,부속의원,1,0,0234488780,203822.388292808    ,442131.941663523    ,서울특별시 강남구 도곡동 448-2 바디프랜드 도곡타워,308 307 306 305 304 303 302 301,"한방내과, 한방부인과, 한방소아과, 한방안·이비인후·피부과, 한방신경정신과, 한방재활의학과, 사상체질과, 침구과",30.23,2023-01-11 21:23:32
3220000,PHMA320213220033041300001,2021-08-02,,폐업,2022-07-02,,,,06044,코코네부속의원,I,2026-05-05 22:00:41,"서울특별시 강남구 학동로9길 19, B1층 일부 (논현동)",0,폐업,03,03,부속의원,2,0,0220888700,202035.0011779      ,445685.099726298    ,서울특별시 강남구 논현동 44-7 B1층 일부,122,가정의학과,35,2022-06-30 22:43:31
3220000,PHMA320253220033041300001,2025-07-31,,영업/정상,,,,,06220,(주)클래시스부속의원,I,2026-05-05 22:00:41,"서울특별시 강남구 테헤란로 208, 클래시스 19층 (역삼동)",0,영업중,13,01,부속의원,2,0,0263132208,203380.752241301    ,444322.436152133    ,서울특별시 강남구 역삼동 718-2 클래시스 19층,114,피부과,369,2026-01-25 18:02:49
3220000,PHMA320243220033041300001,2024-01-11,,영업/정상,,,,,06159,메디스트림부속한의원,I,2026-05-05 22:00:41,"서울특별시 강남구 테헤란로 427, 위워크타워 3층 (삼성동)",0,영업중,13,01,부속의원,2,0,15999073,204673.885419693    ,444906.38806611     ,,301 302 303 304 305 306 307 308,"한방내과, 한방부인과, 한방소아과, 한방안·이비인후·피부과, 한방신경정신과, 한방재활의학과, 사상체질과, 침구과",18.25,2026-01-30 02:13:35
3220000,PHMA320233220033041300001,2023-06-01,,영업/정상,,,,,06044,(주)제이시스메디칼부속의원,I,2026-05-05 22:00:41,"서울특별시 강남구 강남대로 566, 신영와코루빌딩 1층 일부 (논현동)",0,영업중,13,01,부속의원,1,0,,201811.305286389    ,445614.558650583    ,서울특별시 강남구 논현동 49-4 신영와코루빌딩,122 114,"피부과, 가정의학과",69.26,2026-04-08 11:13:28
3220000,PHMA320223220033041300001,2022-06-24,,영업/정상,,,,,06044,코코네부속의원,I,2026-05-05 22:00:41,서울특별시 강남구 학동로9길 19(논현동),0,영업중,13,01,부속의원,2,0,0220888700,202035.0011779      ,445685.099726298    ,,122,가정의학과,35,2025-05-09 12:58:35
3220000,PHMA320173220033041300004,2017-04-10,,영업/정상,,,,,06175,메디톡스부속의원,I,2026-05-05 22:00:41,"서울특별시 강남구 테헤란로 626, 지하1층 (대치동, 메디톡스빌딩)",0,영업중,13,01,부속의원,2,0,020000000,205799.523483792    ,445229.183382215    ,서울특별시 강남구 대치동 997번지 4호 지하1층,122 114,"피부과, 가정의학과",56.52,2026-03-20 06:13:43
3220000,PHMA320173220033041300002,2017-04-10,,영업/정상,,,,,06302,바디프랜드부속치과의원,I,2026-05-05 22:00:41,"서울특별시 강남구 양재천로 163, 바디프랜드 도곡타워 5층 (도곡동)",0,영업중,13,01,부속의원,0,0,0234488980,203822.388292808    ,442131.941663523    ,서울특별시 강남구 도곡동 448-2 바디프랜드 도곡타워,412 411 410 409 408 407 406 405 404 403 402,"구강악안면외과, 치과보철과, 치과교정과, 소아치과, 치주과, 치과보존과, 구강내과, 영상치의학과, 구강병리과, 예방치과, 통합치의학과",40.21,2026-03-12 22:43:30
3220000,PHMA320173220033041300001,2017-03-06,,영업/정상,,,,,06302,바디프랜드부속의원,I,2026-05-05 22:00:41,"서울특별시 강남구 양재천로 163, 바디프랜드 도곡타워 5층 (도곡동)",1,영업중,13,01,부속의원,3,1,0234488980,203822.388292808    ,442131.941663523    ,서울특별시 강남구 도곡동 448-2 바디프랜드 도곡타워,126 125 124 122 120 115 114 113 112 108 106 105 104 103 102 101,"내과, 신경과, 정신건강의학과, 외과, 정형외과, 신경외과, 성형외과, 안과, 이비인후과, 피부과, 비뇨의학과, 재활의학과, 가정의학과, 직업환경의학과, 응급의학과, 예방의학과",191.33,2025-09-09 17:28:51
3220000,PHMA320253220033041300002,2025-12-15,,영업/정상,,,,,06173,(주)바임부속의원,I,2026-05-05 22:00:41,"서울특별시 강남구 영동대로 502, K뷰티스퀘어 5층 (삼성동)",0,영업중,13,01,부속의원,1,0,0262140857,205534.332417883    ,445272.310347112    ,서울특별시 강남구 삼성동 168-6 K뷰티스퀘어 5층,114 101,"내과, 피부과",63.76,2025-12-31 09:13:11
3220000,PHMA320263220033041300001,2026-04-28,,영업/정상,,,,,06104,(주)루트로닉부속의원,I,2026-05-05 22:00:41,"서울특별시 강남구 언주로 651, 삼원빌딩 6층 (논현동)",0,영업중,13,01,부속의원,2,0,07047146021,203021.496244152    ,445847.762495405    ,서울특별시 강남구 논현동 210-1 삼원빌딩,122 114 108,"성형외과, 피부과, 가정의학과",132.02,2026-04-29 10:38:00
3220000,PHMA320113220033041300003,2011-05-04,,폐업,2014-09-19,,,135-545,,멀츠아시아부속의원,I,2026-05-05 22:00:41,"서울특별시 강남구 강남대로 476 (논현동,어반하이브빌딩 13층)",0,폐업,03,03,부속의원,2,0,07074658494,202121.293458771    ,444742.671288826    ,서울특별시 강남구 논현1동 200번지 7호 어반하이브빌딩 13층,101 113 114,"내과, 이비인후과, 피부과",13.2,2017-03-06 15:31:48
3220000,PHMA320183220033041300001,2014-09-22,,폐업,2025-09-01,,,,06169,멀츠아시아퍼시픽피티이엘티디(영업소)부속의원,I,2026-05-05 22:00:41,"서울특별시 강남구 테헤란로 509, 엔씨타워 I, 4층일부 (삼성동)",0,폐업,03,03,부속의원,2,0,07075658494,205074.832316057    ,445067.867476318    ,"서울특별시 강남구 삼성동 158번지 16호 엔씨타워 I, 4층일부",101 113 114,"내과, 이비인후과, 피부과",7.58,2025-08-27 13:09:48
3230000,PHMA320143230034041300001,2014-07-18,,영업/정상,,,,,05510,삼성에스디에스(주)부속의원,U,2026-05-23 03:03:03,"서울특별시 송파구 올림픽로35길 125, B2층 (신천동)",0,영업중,13,01,부속의원,6,0,0261550151,208808.460094719    ,446014.471916419    ,,101 103 104 112 113 114 122,"내과, 정신건강의학과, 외과, 안과, 이비인후과, 피부과, 가정의학과",189,2026-05-22 03:13:29
3230000,PHMA320183230034041300001,2018-01-08,,영업/정상,,,,,05856,서울동부지방법원부속의원,I,2026-05-09 22:00:32,"서울특별시 송파구 법원로 101, 서울동부지방법원 331호 (문정동)",0,영업중,13,01,부속의원,2,0,0222042375,210512.374191828    ,442371.025037035    ,서울특별시 송파구 문정동 650번지 서울동부지방법원,122,가정의학과,66.57,2021-11-19 10:20:01
3230000,PHMA320213230034041300001,2021-08-09,,영업/정상,,,,,05542,씨젠부속의원,I,2026-05-09 22:00:32,"서울특별시 송파구 오금로 81, 씨젠송파빌딩 2,3,8층 (방이동)",0,영업중,13,01,부속의원,5,0,0222405003,209409.377087526    ,445882.003512809    ,서울특별시 송파구 방이동 22-3 씨젠송파빌딩,122 101,"내과, 가정의학과",1294.62,2024-04-18 17:00:38
3230000,PHMA320133230034041300001,2013-02-25,,폐업,2016-12-14,,,138-763,05541,한국체육대학교부속의원,I,2026-05-09 22:00:32,"서울특별시 송파구 양재대로 1239 (방이동, 한국체육대학교)",0,폐업,03,03,부속의원,2,0,024106716,211525.928860841    ,446381.991026383    ,서울특별시 송파구 방이동 88번지 15호 한국체육대학교,120 105 101,"내과, 정형외과, 재활의학과",451.05,2016-12-21 13:29:05
3230000,PHMA320053230034041301556,2005-10-05,,영업/정상,,,,,05857,서울동부구치소부속의원,I,2026-05-09 22:00:32,서울특별시 송파구 정의로 37 (문정동),0,영업중,13,01,부속의원,11,0,024029131,210231.99764679     ,442207.174142076    ,서울특별시 송파구 문정동 648번지,125 122 116 115 114 113 112 107 106 105 104 103 102 101,"내과, 신경과, 정신건강의학과, 외과, 정형외과, 신경외과, 심장혈관흉부외과, 안과, 이비인후과, 피부과, 비뇨의학과, 영상의학과, 가정의학과, 응급의학과",1077.9,2024-06-07 03:13:27
3230000,PHMA320133230034021300001,2013-02-25,,폐업,2016-12-14,,,138-763,05541,한국체육대학교부속한의원,I,2026-05-09 22:00:32,"서울특별시 송파구 양재대로 1239 (방이동, 한국체육대학교)",0,폐업,03,03,부속의원,1,0,024106718,211525.928860841    ,446381.991026383    ,서울특별시 송파구 방이동 88번지 15호 한국체육대학교,303 306,"한방소아과, 한방재활의학과",36.2,2016-12-20 11:21:24
3240000,PHMA320123240033041300001,2012-04-20,,영업/정상,,,,,05288,삼성이앤에이(주) 부속의원,I,2026-05-02 22:54:03,"서울특별시 강동구 상일로6길 26, 지1층 (상일동)",0,영업중,13,01,부속의원,4,0,0220537581,215423.76462869     ,449636.964226068    ,,101 103 104 112 113 114 122,"내과, 정신건강의학과, 외과, 안과, 이비인후과, 피부과, 가정의학과",199.48,2024-03-29 13:53:48
3240000,PHMA320183240033041300002,2016-04-07,,영업/정상,,,,,05288,삼성물산(주)부속치과의원,I,2026-05-02 22:54:03,"서울특별시 강동구 상일로6길 26, 글로벌엔지니어링센터 B1층 (상일동)",0,영업중,13,01,부속의원,1,0,0221457101,215423.76462869     ,449636.964226068    ,,402 403 406 407 408 409 411,"구강악안면외과, 치과보철과, 치주과, 치과보존과, 구강내과, 영상치의학과, 예방치과",135.8,2021-05-10 12:59:38
3240000,PHMA320103240033041300001,2010-07-16,,폐업,2010-11-01,,,134-843,,국민의료소비자생활협동조합 부속 한의원,I,2026-05-02 22:54:03,,0,폐업,03,03,부속의원,1,0,,211878.097723811    ,448049.826281484    ,서울특별시 강동구 성내3동 244번지 (2층),301 302 303 304 305 306 307 308,"한방내과, 한방부인과, 한방소아과, 한방안·이비인후·피부과, 한방신경정신과, 한방재활의학과, 사상체질과, 침구과",189.8,2010-11-22 16:18:00
3240000,PHMA320183240033041300001,2016-04-07,,영업/정상,,,,,05288,삼성물산(주)부속의원,I,2026-05-02 22:54:03,"서울특별시 강동구 상일로6길 26, 글로벌엔지니어링센터 B1층 (상일동)",0,영업중,13,01,부속의원,3,0,0221457070,215423.76462869     ,449636.964226068    ,,101 112 113 114 122,"내과, 안과, 이비인후과, 피부과, 가정의학과",134.04,2026-04-30 23:43:40
3260000,PHMA319863260022041300001,1986-11-17,,폐업,2011-04-29,,,,,부산기독교사회복지관부속의원,I,2026-05-10 22:00:31,,0,폐업,03,03,부속의원,1,0,0512579404,,,부산광역시 서구 토성동2가 4-1,101,내과,0,2011-04-29 11:43:10
3260000,PHMA319663260022041300001,1966-01-24,,폐업,2011-09-08,,,,,사회복지법인 그리스도 구원선,I,2026-05-10 22:00:31,,0,폐업,03,03,부속의원,1,0,0512570103,,,부산광역시 서구 아미동2가 89-155,101,내과,0,2011-09-08 15:02:50
3290000,PHMA319973290024041300001,1997-04-21,,폐업,2010-12-13,,,,,삼성생명부속의원,I,2026-05-03 22:00:32,,0,폐업,03,03,부속의원,1,0,0516441650,,,부산광역시 부산진구 범천1동863-1,101,내과,0,2012-08-14 10:33:47
3290000,PHMA320093290024041300001,2009-03-23,,폐업,2009-04-02,,,614-802,,효정의료소비자생활협동조합효림부속의원,I,2026-05-03 22:00:32,부산광역시 부산진구 가야공원로 44 (가야동),0,폐업,03,03,부속의원,1,0,,384895.390231743    ,185266.377015509    ,부산광역시 부산진구 가야2동 602번지 7호,104 105 106 113 101 114 111 115 120,"내과, 외과, 정형외과, 신경외과, 소아청소년과, 이비인후과, 피부과, 비뇨의학과, 재활의학과",179.4,2009-04-03 09:27:41
3290000,PHMA320093290024041300002,2009-02-13,,폐업,2009-06-29,,,614-836,,한국의료소비자생활협동조합제일부속의원,I,2026-05-03 22:00:32,부산광역시 부산진구 백양산로53번길 16 (부암동),0,폐업,03,03,부속의원,8,0,,384898.006163277    ,187925.998896142    ,부산광역시 부산진구 부암1동 724번지 3호,105 122 106 120 104 101 119,"내과, 외과, 정형외과, 신경외과, 진단검사의학과, 재활의학과, 가정의학과",719.68,2009-06-30 15:46:48
3290000,PHMA320013290024041300001,2001-04-19,,영업/정상,,,,,47289,한화생명보험㈜ 부산부속의원,I,2026-05-03 22:00:32,부산광역시 부산진구 중앙대로 659 (부전동),0,영업중,13,01,부속의원,4,0,0516696888,387530.412665397    ,185551.561037471    ,,101,내과,587.4,2025-08-20 17:13:07
3310000,PHMA319743310024041300001,1974-03-29,,폐업,2010-02-02,,,608-805,,대한결핵협회부산시지부 부설 복십자의원,I,2026-05-09 22:00:32,부산광역시 남구 용소로8번길 46 (대연동),0,폐업,03,03,부속의원,4,0,0516113622,391157.37099612     ,183859.389619507    ,부산광역시 남구 대연3동 74번지 18호,101 121,"내과, 결핵과",0,2015-10-06 09:34:10
3310000,PHMA320093310024041300001,2009-04-07,,폐업,2009-08-21,,,602-055,,(사)센텀의료소비자생활협동조합 사랑부속의원,I,2026-05-09 22:00:32,"부산광역시 서구 구덕로 135-8 (토성동5가,동일빌라 201호)",0,폐업,03,03,부속의원,1,0,,384208.530134913    ,179450.507706881    ,부산광역시 서구 토성동5가 28번지 1호 동일빌라 201호,122 101 111 110 105 114,"내과, 정형외과, 산부인과, 소아청소년과, 피부과, 가정의학과",181.9,2009-08-21 17:47:34
3310000,PHMA320103310024041300001,2010-07-26,,폐업,2010-12-30,,,608-801,,감만중앙부속의원,I,2026-05-09 22:00:32,"부산광역시 남구 우암로 63 (감만동,2,3층)",0,폐업,03,03,부속의원,1,0,,389644.331497549    ,181652.511643052    ,"부산광역시 남구 감만1동 138번지 59호 2,3층",101 111 122 105 104 109 114 115 113 119 116,"내과, 외과, 정형외과, 마취통증의학과, 소아청소년과, 이비인후과, 피부과, 비뇨의학과, 영상의학과, 진단검사의학과, 가정의학과",181.9,2010-12-30 14:52:13
3320000,PHMA319933320045041300001,1993-10-29,,폐업,2019-08-31,,,616-809,46643,주민복지의원(사회복지법인장선종합복지공동체),I,2026-05-10 22:56:24,부산광역시 북구 시랑로114번길 45 (구포동),0,폐업,03,03,부속의원,3,0,0513340114,382865.897094966    ,190186.827804782    ,부산광역시 북구 구포3동 1255번지 2호,101 119 122,"내과, 진단검사의학과, 가정의학과",0,2019-09-10 16:08:18
3340000,PHMA319743340025041300001,1974-03-29,,폐업,2013-07-02,,,604-857,,사회복지법인자매여숙부속의원,I,2026-05-10 22:00:32,부산광역시 사하구 사리로 37 (괴정동),1,폐업,03,03,부속의원,1,0,0512073845,382144.076563291    ,180076.354934905    ,부산광역시 사하구 괴정3동 245번지,103,정신건강의학과,39.99,2013-07-05 09:37:01
3340000,PHMA320093340025021300001,2009-05-12,,폐업,2012-06-11,,,604-845,,장림동새마을금고 부속 한의원,I,2026-05-10 22:00:32,"부산광역시 사하구 장림번영로 50 (장림동,2층일부)",0,폐업,03,03,기타,1,0,,379677.110328236    ,177470.4537142      ,부산광역시 사하구 장림2동 333번지 2호 2층일부,607,기타,32,2012-06-11 13:08:09
3350000,PHMA320093350024021300001,2009-06-26,,폐업,2009-07-08,,,609-824,,아가페의료소비자생활협동조합부속 온천요양병원,I,2026-05-03 22:46:13,"부산광역시 금정구 부곡로 36 (부곡동,애플타워 2,3층)",44,폐업,03,03,부속병원,4,12,,390065.219940669    ,193173.682616856    ,"부산광역시 금정구 부곡4동 395번지 7호 애플타워 2,3층",104 105 106 114 115 122 101,"내과, 외과, 정형외과, 신경외과, 피부과, 비뇨의학과, 가정의학과",1185.43,2009-07-08 18:21:52
3350000,PHMA320233350024041300001,2023-11-02,,영업/정상,,,,,46234,부산외국어대학교 부속의원,I,2026-05-03 22:46:13,"부산광역시 금정구 금샘로485번길 65, 부산외국어대학교 D동 5층 일부호 (남산동)",0,영업중,13,01,부속의원,2,0,0515095444,389087.131613449    ,198411.005541894    ,부산광역시 금정구 남산동 857-1 부산외국어대학교,101,내과,98.17,2023-11-10 03:13:21
3350000,PHMA320253350024041300001,2025-12-15,,영업/정상,,,,,46241,부산대학교 부속의원,I,2026-05-03 22:46:13,"부산광역시 금정구 부산대학로63번길 2, 부산대학교 문창회관 지하1층 (장전동)",0,영업중,13,01,부속의원,2,0,0515106280,389314.662086382    ,194669.898821674    ,부산광역시 금정구 장전동 40 부산대학교,122 103,"정신건강의학과, 가정의학과",164.06,2026-03-10 14:25:31
3350000,PHMA320183350024041300001,2018-03-15,,영업/정상,,,,,46255,부산소년원 부속의원,I,2026-05-03 22:46:13,"부산광역시 금정구 오륜대로126번길 62, 1층 (오륜동)",0,영업중,13,01,부속의원,1,0,0515197700,391516.476861338    ,196202.857738944    ,부산광역시 금정구 오륜동 625,122 114 113 111 105 104 103 102 101,"내과, 신경과, 정신건강의학과, 외과, 정형외과, 소아청소년과, 이비인후과, 피부과, 가정의학과",72.6,2023-01-27 16:51:11
3360000,PHMA320143360024041300001,2014-08-27,,영업/정상,,,,,46758,르노코리아부속의원,U,2026-05-09 03:03:03,부산광역시 강서구 르노삼성대로 61 (신호동),0,영업중,13,01,부속의원,3,0,0519799089,371070.269343302    ,178844.95719133     ,,101 104 105,"내과, 외과, 정형외과",580,2026-05-08 06:43:25
3360000,PHMA320003360024041300002,2000-10-09,,폐업,2013-12-31,,,618-290,,르노삼성자동부속치과의원,I,2026-05-09 22:00:36,부산광역시 강서구 르노삼성대로 61 (신호동),0,폐업,03,03,부속의원,1,0,0519799089,371070.269343302    ,178844.95719133     ,부산광역시 강서구 신호동 185,401,치과,76.36,2014-01-29 18:20:33
3360000,PHMA320103360024041300001,2010-04-19,,영업/정상,,,,,46754,삼성전기부속의원,I,2026-05-09 22:00:36,"부산광역시 강서구 녹산산업중로 333, 14동 2층 (송정동)",0,영업중,13,01,부속의원,3,0,0519709123,369169.330140151    ,178979.319940243    ,,103 122,"정신건강의학과, 가정의학과",237.6,2023-02-23 15:44:55
3360000,PHMA320053360024041300003,2005-09-30,,영업/정상,,,,618-703,46700,부산교도소부속의원,I,2026-05-09 22:00:36,부산광역시 강서구 대저중앙로29번길 62 (대저1동),0,영업중,13,01,부속의원,1,0,0517181673,377462.172211489    ,192933.423082027    ,부산광역시 강서구 대저1동,101,내과,337.75,2019-11-08 20:07:39
3360000,PHMA319863360024041300001,1986-11-27,,영업/정상,,,,,46712,대한항공김해부속의원,I,2026-05-09 22:00:36,"부산광역시 강서구 테크센터로 55, 창공회관 3층동 (대저2동)",0,영업중,13,01,부속의원,4,0,0519705182,375751.958407631    ,188590.806112597    ,부산광역시 강서구 대저2동 103번지 1호,101 104,"내과, 외과",388,2025-09-05 13:40:23
3370000,PHMA320253370022041300001,2025-04-02,,휴업,,2026-04-20,2026-06-18,,47545,부산광역시청 부속의원,I,2026-05-03 22:00:31,"부산광역시 연제구 중앙대로 1001, 부산광역시청, 부산광역시의회 3층 일부호 (연산동)",0,휴업,02,02,부속의원,3,0,0518883281,388911.641295429    ,188733.276763558    ,"부산광역시 연제구 연산동 1000 부산광역시청, 부산광역시의회",122 114 105 101,"내과, 정형외과, 피부과, 가정의학과",81,2026-04-17 14:15:41
3370000,PHMA320153370022041300001,2015-01-20,,영업/정상,,,,611-741,47510,부산법원종합청사 부속의원,I,2026-05-03 22:00:31,"부산광역시 연제구 법원로 31, 16층 (거제동)",0,영업중,13,01,부속의원,1,0,0515900166,388768.843267284    ,190117.18190073     ,부산광역시 연제구 거제동 1500번지,101 122,"내과, 가정의학과",82.58,2026-03-20 02:13:16
3380000,PHMA320093380023041300001,2009-08-07,,폐업,2011-07-29,,,613-805,,아가페의료소비자생활협동조합 부속 차생한의원,I,2026-05-04 22:42:42,"부산광역시 수영구 광남로 150 (광안동,류빈비치빌 101호)",0,폐업,03,03,부속의원,1,0,,392936.498804324    ,185987.595264459    ,부산광역시 수영구 광안2동 191번지 6호 류빈비치빌 101호,607,기타,150,2011-12-13 11:04:52
3380000,PHMA320043380023021300001,2004-06-29,,영업/정상,,,,613-707,48208,부산지방병무청,I,2026-05-04 22:42:41,부산광역시 수영구 연수로 301 (망미동),1,영업중,13,01,병무청,1,0,,391569.236337438    ,188053.038716787    ,부산광역시 수영구 망미동 640번지 5호 부산지방병무청,604,병무청,10,2015-06-05 10:23:19
3390000,PHMA320053390023041300002,2005-10-12,,영업/정상,,,,617-737,47016,부산구치소 부속치과의원,I,2026-05-07 22:36:18,부산광역시 사상구 학장로 268 (주례동),0,영업중,13,01,부속의원,1,0,,381916.120464609    ,184801.025971434    ,부산광역시 사상구 주례3동 부산구치소,411,예방치과,0,2015-10-07 14:41:24
3390000,PHMA320053390023041300001,2005-10-12,,영업/정상,,,,,47016,부산구치소부속의원,I,2026-05-07 22:36:18,부산광역시 사상구 학장로 268 (주례동),0,영업중,13,01,부속의원,4,0,0513098463,381916.120464609    ,184801.025971434    ,부산광역시 사상구 주례동 666,101,내과,0,2016-03-11 13:54:20
3400000,PHMA320213400013041300001,2021-07-08,,폐업,2021-10-14,,,,46036,한국수력원자력(주) 고리원자력본부 부속의원,I,2026-05-10 22:59:05,부산광역시 기장군 장안읍 길천길 96-1,0,폐업,03,03,부속의원,4,0,0312893743,408237.179465312    ,204819.741763033    ,부산광역시 기장군 장안읍 고리 81,113 111 101,"내과, 소아청소년과, 이비인후과",241.32,2021-10-21 10:54:38
3400000,PHMA320203400013041300001,2020-10-16,,폐업,2021-01-15,,,,46036,한국수력원자력(주) 고리원자력본부 부속의원,I,2026-05-10 22:59:05,"부산광역시 기장군 장안읍 길천길 96-1, 1층",0,폐업,03,03,부속의원,4,0,0517263115,408237.179465312    ,204819.741763033    ,부산광역시 기장군 장안읍 고리 81 외 202필지,101,내과,277.5,2021-01-25 09:35:10
3410000,PHMA320053410023041300001,2005-07-01,,폐업,2011-08-05,,,700-731,,교보생명(주)부속의원,I,2026-05-10 22:00:31,"대구광역시 중구 국채보상로 586 (동성로2가,교보생명)",0,폐업,03,03,부속의원,1,0,,343959.823762185    ,264529.393559855    ,대구광역시 중구 동성로2가 88번지 25호 교보생명,122 116 119,"영상의학과, 진단검사의학과, 가정의학과",444,2011-08-05 16:06:35
3410000,PHMA319903410023041300001,1990-06-04,,폐업,2010-12-14,,,700-742,,삼성생명대구부속의원,I,2026-05-10 22:00:31,"대구광역시 중구 달구벌대로 2095 (덕산동,삼성생명빌딩)",0,폐업,03,03,부속의원,1,0,,343787.134091605    ,264065.576741064    ,대구광역시 중구 덕산동 110번지 삼성생명빌딩,101 104,"내과, 외과",482,2010-12-14 10:47:49
3410000,PHMA319953410023041300001,1995-03-30,,폐업,2022-08-01,,,700-744,41939,한화생명(주)대구부속의원,I,2026-05-10 22:00:31,대구광역시 중구 공평로 60 (동인동2가),0,폐업,03,03,부속의원,3,0,0534298686,344479.743965282    ,264425.99275829     ,대구광역시 중구 동인동2가 25번지 4호 대한생명빌딩,101,내과,515,2022-08-01 09:43:20
3420000,PHMA320133420023021300002,2013-01-03,,영업/정상,,,,,41069,중앙병역판정검사소,I,2026-05-04 22:42:30,"대구광역시 동구 첨복로 10, 중앙병역판정검사소 (신서동)",0,영업중,13,01,병무청,1,0,0536070283,356480.09892625     ,265515.821288569    ,대구광역시 동구 신서동 1168 중앙병역판정검사소,604,병무청,0,2024-02-05 17:12:58
3420000,PHMA320153420023041300001,2015-04-13,,영업/정상,,,,,41062,한국가스공사 부속한의원,I,2026-05-04 22:42:30,대구광역시 동구 첨단로 120 (신서동),0,영업중,13,01,부속의원,1,0,0536706745,356126.992895292    ,266590.540109279    ,,301 302 303 304 305 306 307 308 309,"한방내과, 한방부인과, 한방소아과, 한방안·이비인후·피부과, 한방신경정신과, 한방재활의학과, 사상체질과, 침구과, 한방응급과",105.6,2023-01-13 14:34:47
3420000,PHMA320133420023021300001,2013-12-20,,영업/정상,,,,,,대구경북지방병무청,I,2026-05-04 22:42:30,대구광역시 동구 동내로 63 (동내동),0,영업중,13,01,병무청,1,0,0536076382,356571.858248115    ,265507.258123919    ,,604,병무청,0,2016-05-19 16:57:07
3440000,PHMA320113440024041300001,2011-01-25,,폐업,2015-04-20,2015-02-10,2015-06-10,705-809,,동대구의료소비자생활협동조합 부속 삼국한의원,I,2026-05-07 22:41:22,대구광역시 남구 두류공원로 26 (대명동),0,폐업,03,03,부속의원,1,0,0536558050,342189.922982995    ,261238.362730476    ,대구광역시 남구 대명1동 1652번지 21호,301 302 303 306 305 304 307 308,"한방내과, 한방부인과, 한방소아과, 한방안·이비인후·피부과, 한방신경정신과, 한방재활의학과, 사상체질과, 침구과",163.8,2015-04-20 16:51:25
3450000,PHMA320143450022041300001,2014-03-28,,폐업,2018-10-05,,,702-701,41566,경북대학교부속치과의원,I,2026-05-05 22:00:36,"대구광역시 북구 대학로 80 (산격동, 복지관 3층)",0,폐업,03,03,부속의원,0,0,,345299.742438478    ,266806.443246079    ,대구광역시 북구 산격동 1370번지 1호,401,치과,58.8,2018-10-05 17:42:26
3450000,PHMA320183450022041300001,2018-03-14,,영업/정상,,,,,41442,법무부 대구소년원 부속의원,I,2026-05-05 22:00:36,대구광역시 북구 칠곡중앙대로99길 12 (읍내동),0,영업중,13,01,부속의원,0,0,0532607200,339714.369568811    ,272371.295976214    ,대구광역시 북구 읍내동 1214번지,122 115 114 113 112 111 109 107 106 105 104 103 102 101,"내과, 신경과, 정신건강의학과, 외과, 정형외과, 신경외과, 심장혈관흉부외과, 마취통증의학과, 소아청소년과, 안과, 이비인후과, 피부과, 비뇨의학과, 가정의학과",133.5,2024-07-05 02:43:19
3450000,PHMA319823450022021300001,1982-01-03,,폐업,2017-03-20,,,,41566,경북대학교 보건진료소,I,2026-05-05 22:00:36,"대구광역시 북구 대학로 80 (산격동, 경북대학교)",1,폐업,03,03,학교시설,1,1,,345299.742438478    ,266806.443246079    ,대구광역시 북구 산격동 1370번지 1호,606,학교시설,622.08,2017-03-20 17:39:08
3450000,PHMA320073450022041300001,2007-03-09,,폐업,2016-02-12,,,702-702,41542,경상북도청부속의원,I,2026-05-05 22:00:36,대구광역시 북구 연암로 40 (산격동),0,폐업,03,03,부속의원,2,0,0539502235,344458.939850488    ,267007.8061004      ,대구광역시 북구 산격4동 1445번지 3호 경상북도청,101 104 122,"내과, 외과, 가정의학과",42.66,2018-02-26 17:13:36
3450000,PHMA320123450022041300001,2012-11-26,,영업/정상,,,,,41566,경북대학교부속의원,I,2026-05-05 22:00:36,"대구광역시 북구 대학로 80 (산격동, 복지관 3층)",0,영업중,13,01,부속의원,2,0,0539508197,345299.742438478    ,266806.443246079    ,,101 103 112 113 114 115 122,"내과, 정신건강의학과, 안과, 이비인후과, 피부과, 비뇨의학과, 가정의학과",69.36,2024-09-06 06:13:17
3460000,PHMA320163460023041300001,2016-01-05,,영업/정상,,,,,42027,대구법원종합청사 부속의원,I,2026-05-03 22:00:35,"대구광역시 수성구 동대구로 364 (범어동, 대구고등법원)",0,영업중,13,01,부속의원,2,0,0537576295,347069.235421732    ,263772.118368819    ,대구광역시 수성구 범어동,122,가정의학과,69.8,2026-03-06 11:43:18
3460000,PHMA320053460023041300001,2005-09-29,,영업/정상,,,,706-021,,대구구치소부속의원,I,2026-05-03 22:00:34,대구광역시 수성구 달구벌대로541길 36 (만촌동),0,영업중,13,01,부속의원,1,0,0537405272,349772.494969884    ,263039.872215794    ,대구광역시 수성구 만촌1동 768번지 1호,101,내과,771.1,2016-02-04 15:15:28
3470000,PHMA320103470022041300001,2010-08-11,,폐업,2011-06-16,,,704-826,,대경의료소비자생활협동조합 부속 행복한우리한의원,I,2026-05-10 22:00:33,"대구광역시 달서구 월배로 327 (송현동,화림빌딩 6층)",0,폐업,03,03,부속의원,1,0,,339645.577432489    ,259411.291950686    ,대구광역시 달서구 송현2동 1914번지 2호 화림빌딩 6층,301 304 302 305 309 306 303 307 308,"한방내과, 한방부인과, 한방소아과, 한방안·이비인후·피부과, 한방신경정신과, 한방재활의학과, 사상체질과, 침구과, 한방응급과",269,2011-06-16 15:15:38
3470000,PHMA319953470022021300001,1995-02-15,,영업/정상,,,,704-931,,대구.경북 지방병무청(징병검사장),I,2026-05-10 22:00:32,"대구광역시 달서구 와룡로49길 30 (죽전동,징병검사장)",0,신규,01,01,병무청,1,0,,338628.073955706    ,262706.29259298     ,대구광역시 달서구 죽전동 95번지 11호 징병검사장,604,병무청,0,2008-12-22 15:11:34
3470000,PHMA320023470022021300001,2002-05-15,,영업/정상,,,,,42601,계명대학교보건진료센터,I,2026-05-10 22:00:33,"대구광역시 달서구 달구벌대로 1095 (신당동, 계명대학교)",0,영업중,13,01,학교시설,1,0,,334461.497981241    ,262699.052324095    ,대구광역시 달서구 신당동 1000번지 계명대학교성서캠퍼스,606,학교시설,181,2017-06-26 10:27:43
3480000,PHMA320053480012041300001,2005-09-27,,영업/정상,,,,,42902,대구교도소 부속의원,I,2026-05-07 22:43:11,"대구광역시 달성군 하빈면 하빈로 204, 의무병사동 1층",0,영업중,13,01,부속의원,4,0,0536709840,328709.012499716    ,266513.762342502    ,대구광역시 달성군 하빈면 감문리 833-39,101 104 110 105 102,"내과, 신경과, 외과, 정형외과, 산부인과",870,2026-05-01 00:43:21
3480000,PHMA320053480012041300002,2005-10-14,,영업/정상,,,,711-830,42964,대구시행복진흥사회서비스원 희망마을 부속의원,I,2026-05-07 22:43:11,대구광역시 달성군 화원읍 명천로 58,0,영업중,13,01,부속의원,7,0,0536412454,336403.914140796    ,257154.473732552    ,대구광역시 달성군 화원읍 본리리 85,101 102 103,"내과, 신경과, 정신건강의학과",385.55,2024-08-08 14:39:29
3480000,PHMA320093480012041300001,2009-09-11,,폐업,2011-11-18,,,711-874,,대구의료소비자생활협동조합약손부속한의원,I,2026-05-07 22:43:11,대구광역시 달성군 현풍읍 현풍중앙로 64,0,폐업,03,03,부속의원,2,0,,330618.588632392    ,244872.476578591    ,대구광역시 달성군 현풍읍 하리 144번지 1호,607,기타,161,2011-11-18 14:01:16
3500000,PHMA320123500020041300001,2012-03-30,,영업/정상,,,,,22502,에이치디건설기계(주)부속의원,U,2026-04-17 03:03:03,인천광역시 동구 인중로 489(화수동),0,영업중,13,01,부속의원,4,0,0322111383,167026.3164495      ,442927.500637717    ,인천광역시 동구 화수동 7-11,104,외과,127.27,2026-04-16 15:38:34
3500000,PHMA319973500020041300001,1997-05-12,,휴업,,2012-01-01,2012-03-31,,,인천광역시의료원부설한의원,I,2025-12-15 16:15:28,,0,휴업,02,02,기타,0,0,0325806000,,,인천광역시 동구 송림4동 318-1,301 302 305 308,"한방내과, 한방부인과, 한방신경정신과, 침구과",385.93,2011-12-28 11:48:22
3500000,PHMA319773500020021300001,1977-06-04,,폐업,2012-04-02,,,401-804,,두산인프라코어㈜부속병원,I,2025-12-15 16:15:28,,30,폐업,03,03,부속병원,4,7,0322111383,167026.3164495      ,442927.500637717    ,인천광역시 동구 화수1동 7번지 11호,101 105,"내과, 정형외과",1260,2012-03-30 14:41:18
3500000,PHMA319743500020041300001,1974-03-08,,영업/정상,,,,,22525,현대제철부속의원,I,2026-01-22 22:30:19,"인천광역시 동구 중봉대로 63 (송현동, 현대제철(주))",0,영업중,13,01,부속의원,6,0,0327602085,167961.623195239    ,443084.120976229    ,,101 104,"내과, 외과",233.46,2026-01-21 15:32:10
3510500,PHMA320163510021041300001,2016-07-04,,영업/정상,,,,,22220,인천지방법원부속의원,I,2026-05-07 22:30:34,"인천광역시 미추홀구 소성로163번길 17 (학익동, 2층 일부)",0,영업중,13,01,부속의원,1,0,0328601195,170491.80732601     ,437925.262931324    ,인천광역시 미추홀구 학익동 278-2번지 2층 일부 ,122,가정의학과,45.19,2017-09-05 18:39:40
3510500,PHMA319953510021021300001,1995-09-14,,영업/정상,,,,402-865,22205,인천병무지청,I,2026-05-07 22:30:34,인천광역시 미추홀구 노적산로 76 (학익동),0,영업중,13,01,병무청,1,0,0324542334,169599.422199821    ,437566.772707019    ,인천광역시 미추홀구 학익동 545-1번지,604,병무청,0,2020-02-11 10:51:15
3520000,PHMA320163520019041300001,2016-04-25,,영업/정상,,,,,21987,삼성바이오부속의원,I,2026-05-08 22:31:58,"인천광역시 연수구 송도바이오대로 300, 삼성바이오로직스 바이오프라자동 3층 일부호 (송도동)",0,영업중,13,01,부속의원,6,0,0324553778,169819.301442588    ,429468.485971288    ,인천광역시 연수구 송도동 201-2 삼성바이오로직스,122 105,"정형외과, 가정의학과",200.38,2026-03-27 04:43:25
3520000,PHMA320113520019021300001,2011-03-03,,영업/정상,,,,,21935,인천연일학교 구강보건실,I,2026-05-08 22:31:58,"인천광역시 연수구 함박뫼로 208 (연수동, 인천연일학교)",0,영업중,13,01,학교시설,1,0,0328166472,172344.262682911    ,435413.946549453    ,,606,학교시설,0,2017-12-19 11:53:20
3520000,PHMA320253520019041300001,2025-03-18,,영업/정상,,,,,21987,삼성바이오에피스부속의원,U,2026-05-16 03:03:03,"인천광역시 연수구 송도교육로 76, 삼성바이오에피스 바이오에피스 글로벌센터 본관동 2층 일부호 (송도동)",0,영업중,13,01,부속의원,1,0,0327283435,169826.093037404    ,429797.088629826    ,인천광역시 연수구 송도동 198-7 삼성바이오에피스,122,가정의학과,209.5,2026-05-15 06:13:30
3530000,PHMA320223530019041300001,2022-05-17,,영업/정상,,,,,21554,인천광역시청부속한의원,I,2026-05-09 22:32:20,"인천광역시 남동구 정각로 29, 인천광역시청 1층 일부(105)호 (구월동)",0,영업중,13,01,부속의원,3,0,0324408373,173942.690794548    ,439335.819328782    ,,301 302 303 304 305 306 307 308,"한방내과, 한방부인과, 한방소아과, 한방안·이비인후·피부과, 한방신경정신과, 한방재활의학과, 사상체질과, 침구과",87.14,2023-09-04 16:35:36
3540000,PHMA320053540021041300001,2005-05-20,,휴업,,2026-05-14,2026-11-13,403-735,21388,한화생명(주)인천부속의원,U,2026-05-15 03:03:03,인천광역시 부평구 부평대로 75 (부평동),0,휴업,02,02,부속의원,3,0,0325208466,175331.989546522    ,444033.071156411    ,인천광역시 부평구 부평1동 529번지 15호 대한빌딩,101,내과,622.48,2026-05-14 11:32:29
3540000,PHMA320113540021041300001,2011-05-24,,영업/정상,,,,403-857,21334,한국지엠(주)부속의원,I,2026-05-07 22:30:34,"인천광역시 부평구 부평대로 233 (청천동, 한국지엠주식회사)",0,영업중,13,01,부속의원,3,0,0325202191,174705.091321259    ,445382.076502945    ,인천광역시 부평구 청천동 199번지 1호 한국지엠주식회사,101 104 114,"내과, 외과, 피부과",554.3,2025-09-25 23:13:25
3550000,PHMA320113550020041300001,2011-07-15,,폐업,2015-05-28,,,407-813,,경인의료생활협동조합  부속 국의당한의원,I,2026-05-07 22:30:33,인천광역시 계양구 오조산로45번길 8 (계산동),0,폐업,03,03,부속의원,1,0,,176756.229213241    ,448136.607677239    ,인천광역시 계양구 계산동 1080번지 5호 현해아이빌 202호,301 304 307 302 305 303 306 309 308,"한방내과, 한방부인과, 한방소아과, 한방안·이비인후·피부과, 한방신경정신과, 한방재활의학과, 사상체질과, 침구과, 한방응급과",162.54,2015-06-01 16:33:22
3560000,PHMA320093560021021300001,2009-03-02,,휴업,,2009-03-02,2009-06-02,404-320,,슈안마시술소,I,2026-05-08 22:30:38,,0,휴업,02,02,기타,1,0,,,,인천광역시 서구 원당동  원당지구 74블록 8로트,607,기타,537.45,2009-03-02 13:10:57
3590000,PHMA320083590019021300001,2008-11-21,,영업/정상,,,,501-190,,광주전남지방병무청,I,2026-05-01 22:41:42,광주광역시 동구 양림로119번길 8 (학동),0,영업중,13,01,병무청,2,0,0622304278,192720.175406591    ,182398.118756902    ,광주광역시 동구 학동 69번지,101 105 108 116,"내과, 정형외과, 성형외과, 영상의학과",600,2018-11-16 17:28:41
3590000,PHMA319953590019041300001,1995-02-09,,영업/정상,,,,,61427,한화생명(주)광주부속의원,I,2026-05-01 22:41:42,광주광역시 동구 중앙로 223 (대인동),0,영업중,13,01,부속의원,3,0,,192455.891629266    ,183730.507809414    ,,101 116 119,"내과, 영상의학과, 진단검사의학과",406.9,2025-08-26 14:25:23
3590000,PHMA320043590019041300001,2004-11-23,,폐업,2007-09-17,,,501-805,,장애우사랑 운동본부 부설 한마음의원,I,2026-05-01 22:41:42,"광주광역시 동구 구성로 268 (계림동,외 4필지(1,6,7층))",29,폐업,03,03,부속의원,2,0,0622361020,192616.996520719    ,184298.893463404    ,"광주광역시 동구 계림1동 288번지 7호 외 4필지(1,6,7층)",101 104 111 120 113 105,"내과, 외과, 정형외과, 소아청소년과, 이비인후과, 재활의학과",1162.2,2009-09-07 13:49:06
3590000,PHMA319833590019041300001,1983-04-15,,폐업,2010-12-08,,,501-025,,삼성생명보험주식회사부속의원,I,2026-05-01 22:41:41,,0,폐업,03,03,의원,1,0,,,,광주광역시 동구 금남로5가 55-1,116 119,"영상의학과, 진단검사의학과",502,2010-12-08 14:32:26
3590000,PHMA320163590019041300001,2016-01-08,,영업/정상,,,,,61441,광주법원종합청사 부속의원,I,2026-05-01 22:41:42,"광주광역시 동구 준법로 7-12 (지산동, 광주고등법원)",0,영업중,13,01,부속의원,2,0,0622391340,193981.958754895    ,183484.202851849    ,광주광역시 동구 지산동 342번지 1호,122 101,"내과, 가정의학과",74.97,2017-09-05 18:37:14
3600000,PHMA319793600020041300001,1979-08-03,,폐업,2021-09-16,,,502-841,61909,기아자동차부속의원,I,2026-05-10 22:00:34,광주광역시 서구 화운로 277 (내방동),0,폐업,03,03,부속의원,4,0,0623703370,188286.940481896    ,184993.288201626    ,광주광역시 서구 화정2동 700번지 기아자동차,101 104 114 111,"내과, 외과, 소아청소년과, 피부과",0,2021-09-17 15:28:01
3620000,PHMA320063620020041300001,2006-12-18,,폐업,2011-02-08,,,500-800,,(사)한국기독교선교단체협의회우리들연합의원,I,2026-05-10 22:00:38,,0,폐업,03,03,부속의원,1,0,0622637585,,,광주광역시 북구 각화동 202(2층),101 105 113 106 120 122 111 102 114 115,"내과, 신경과, 정형외과, 신경외과, 소아청소년과, 이비인후과, 피부과, 비뇨의학과, 재활의학과, 가정의학과",163.53,2011-02-08 15:07:13
3620000,PHMA320113620020041300001,2011-06-28,,폐업,2011-07-11,,,500-843,,연세의료소비자생활협동조합부속한의원,I,2026-05-10 22:00:38,"광주광역시 북구 면앙로 1 (용봉동,1층)",0,폐업,03,03,부속의원,1,0,0622520005,191965.273631016    ,186826.915497668    ,광주광역시 북구 용봉동 15번지 1호 1층,301 302 303 304 305 306 307 308,"한방내과, 한방부인과, 한방소아과, 한방안·이비인후·피부과, 한방신경정신과, 한방재활의학과, 사상체질과, 침구과",127,2011-07-11 17:28:48
3620000,PHMA320053620020041300001,2005-06-28,,폐업,2011-08-05,,,500-030,,교보생명㈜부속의원,I,2026-05-10 22:00:38,,0,폐업,03,03,부속의원,1,0,0625106785,,,광주광역시 북구 누문동 115(8층),122 119,"진단검사의학과, 가정의학과",722.25,2011-08-05 15:35:54
3620000,PHMA320053620020041300002,2005-09-30,,영업/정상,,,,,61047,광주교도소부속의원,I,2026-05-10 22:00:38,"광주광역시 북구 삼각월산길 49-43, 1,2층 (삼각동)",0,영업중,13,01,부속의원,8,0,0622514321,191764.310968374    ,190097.407989057    ,"광주광역시 북구 삼각동 831번지 외3필지(1,2층)",101 104,"내과, 외과",1897,2016-02-03 17:08:26
3620000,PHMA320183620020021300001,2018-10-17,,영업/정상,,,,,61186,전남대학교 보건진료소,I,2026-05-10 22:00:38,"광주광역시 북구 용봉로 77, 전남대학교 (용봉동)",0,영업중,13,01,학교시설,0,0,0625303602,191342.627620633    ,186342.616202101    ,광주광역시 북구 용봉동 300번지 전남대학교,606,학교시설,578,2025-04-16 17:05:44
3620000,PHMA320123620020041300001,2012-08-08,,영업/정상,,,,500-480,61010,삼성전자(주)부속의원,I,2026-05-10 22:00:38,"광주광역시 북구 앰코로 70 (오룡동, 삼성전자(주))",0,영업중,13,01,부속의원,2,0,0629705095,186730.810769657    ,191810.525908249    ,광주광역시 북구 오룡동 1119번지,101 103 104 105 112 122 114 120 113,"내과, 정신건강의학과, 외과, 정형외과, 안과, 이비인후과, 피부과, 재활의학과, 가정의학과",136,2026-01-09 17:26:43
3630000,PHMA320053630020041300001,2005-03-10,,영업/정상,,,,,62218,삼성전자㈜부속의원,I,2026-05-10 22:00:34,광주광역시 광산구 하남산단6번로 107 (오선동),0,영업중,13,01,부속의원,4,0,0629506075,182370.144227651    ,189464.591873446    ,,101 103 104 105 112 113 114 120 122,"내과, 정신건강의학과, 외과, 정형외과, 안과, 이비인후과, 피부과, 재활의학과, 가정의학과",158,2026-01-13 10:43:57
3630000,PHMA320183630020041300001,2018-03-13,,영업/정상,,,,,62207,법무부 광주소년원 부속의원,I,2026-05-10 22:00:34,"광주광역시 광산구 임곡로 273-3, 생활관동 2층 (고룡동)",0,영업중,13,01,부속의원,1,0,0629587972,178763.060745087    ,190169.920993302    ,광주광역시 광산구 고룡동 795번지 10호,126 125 123 122 121 120 116 115 114 113 112 111 110 107 106 105 104 103 102 101,"내과, 신경과, 정신건강의학과, 외과, 정형외과, 신경외과, 심장혈관흉부외과, 산부인과, 소아청소년과, 안과, 이비인후과, 피부과, 비뇨의학과, 영상의학과, 재활의학과, 결핵과, 가정의학과, 핵의학과, 응급의학과, 예방의학과",84.24,2023-11-03 03:43:19
3630000,PHMA319953630020041300001,1980-02-10,,영업/정상,,,,,62392,금호타이어㈜부속의원,I,2026-05-10 22:00:34,광주광역시 광산구 어등대로 658 (소촌동),0,영업중,13,01,부속의원,3,0,0629402061,180907.276924552    ,182621.055540166    ,,101 104 114,"내과, 외과, 피부과",0,2021-05-28 08:13:22
3630000,PHMA319953630020041300002,1995-04-12,,영업/정상,,,,,62392,금호타이어㈜부속치과의원,I,2026-05-10 22:00:34,광주광역시 광산구 어등대로 658 (소촌동),0,영업중,13,01,부속의원,1,0,0629402057,180907.276924552    ,182621.055540166    ,,403 405 406 407,"치과보철과, 소아치과, 치주과, 치과보존과",0,2026-04-24 04:43:27
3630000,PHMA320153630020041300001,2015-11-18,,폐업,2019-08-16,2019-04-05,2019-10-04,,62228,대우전자(주) 광주공장 부속의원,I,2026-05-10 22:00:34,광주광역시 광산구 용아로 559 (장덕동),0,폐업,03,03,부속의원,1,0,,181919.670720375    ,188217.857070635    ,광주광역시 광산구 장덕동 981번지 1호,101,내과,488.96,2019-08-16 16:29:49
3630000,PHMA319953630020041300003,2008-07-10,,폐업,2015-06-11,,,506-729,,동부대우전자(주) 광주공장 부속의원,I,2026-05-10 22:00:34,광주광역시 광산구 용아로 559 (장덕동),0,폐업,03,03,부속의원,1,0,0629508124,181919.670720375    ,188217.857070635    ,광주광역시 광산구 장덕동 981-1,101,내과,0,2015-06-11 13:42:12
3640000,PHMA320073640023041300001,2007-05-15,,영업/정상,,,,300-210,34699,대전소년원부속의원,I,2026-05-10 23:02:20,대전광역시 동구 산내로 1398-41 (대성동),0,영업중,13,01,부속의원,7,0,0422839313,241922.357344581    ,309707.844782892    ,대전광역시 동구 대성동 295번지 17호,111 101 104 102 103,"내과, 신경과, 정신건강의학과, 외과, 소아청소년과",230,2021-07-15 16:54:05
3650000,PHMA319803650023041300001,1980-07-24,,폐업,2010-12-13,,,301-733,,삼성생명(주)부속의원,I,2026-05-10 22:00:31,"대전광역시 중구 중앙로 119 (선화동,삼성생명빌딩)",0,폐업,03,03,부속의원,1,0,,237894.335978682    ,314214.577489996    ,대전광역시 중구 선화동 226번지 삼성생명빌딩,101 122,"내과, 가정의학과",381.24,2010-12-20 15:04:42
3650000,PHMA319953650023041300001,1995-05-04,,폐업,2012-09-17,,,301-803,,대한생명(주)대전부속의원,I,2026-05-10 22:00:31,대전광역시 중구 중앙로 116 (대흥동),0,폐업,03,03,부속의원,1,0,0422206681,237897.932435075    ,314124.461127607    ,대전광역시 중구 대흥동 493번지 4호,101 112 110,"내과, 산부인과, 안과",486.53,2013-10-17 11:13:52
3650000,PHMA320053650023041300001,2005-06-27,,폐업,2011-08-05,,,301-731,,교보생명보험(주) 부속의원,I,2026-05-10 22:00:31,,0,폐업,03,03,부속의원,1,0,0422295750,,,대전광역시 중구 선화동 교보생명빌딩  8층,101,내과,731.54,2011-08-05 18:04:55
3650000,PHMA319993650023021300001,1999-09-22,,영업/정상,,,,301-706,34944,대전충남지방병무청,I,2026-05-10 22:00:31,대전광역시 중구 중앙로16번길 5 (문화동),0,영업중,13,01,병무청,1,0,0422504284,237091.926465761    ,313567.442406367    ,대전광역시 중구 문화1동 대전충남지방병무청,604,병무청,0,2015-12-28 11:06:07
3660000,PHMA320113660023041300001,2011-03-02,,폐업,2011-04-25,,,302-816,,다인의료소비자생활협동조합 부속 함께하는 치과의원,I,2026-05-01 22:00:33,"대전광역시 서구 계룡로 616 (괴정동,505,506호)",0,폐업,03,03,부속의원,1,0,0425287522,235010.415168008    ,315517.311582836    ,"대전광역시 서구 괴정동 423번지 4호 505,506호",401,치과,163.5,2011-04-25 15:20:11
3660000,PHMA320193660023041300001,2019-05-29,,영업/정상,,,,,35208,정부대전청사부속한의원,I,2026-05-01 22:00:34,"대전광역시 서구 청사로 189, 정부대전청사 지하1층 (둔산동)",0,영업중,13,01,부속의원,2,0,0424816078,234475.311509272    ,318000.276763913    ,대전광역시 서구 둔산동 920번지 정부대전청사,308,침구과,63.13,2019-06-06 10:59:28
3660000,PHMA320163660023041300001,2016-05-04,,영업/정상,,,,,35237,대전법원종합청사부속의원,I,2026-05-01 22:00:34,"대전광역시 서구 둔산중로78번길 45 (둔산동, 대전지방법원)",0,영업중,13,01,부속의원,1,0,0424701228,234797.557458829    ,317164.869941172    ,,126 122 104 101,"내과, 외과, 가정의학과, 예방의학과",45.32,2024-04-19 02:44:20
3660000,PHMA320123660023041300001,2012-09-21,,영업/정상,,,,,35233,한화생명대전부속의원,I,2026-05-01 22:00:33,대전광역시 서구 둔산북로 56 (둔산동),0,영업중,13,01,부속의원,3,0,0423307982,234121.668771078    ,317227.066832342    ,,101 112 110,"내과, 산부인과, 안과",584.58,2025-08-28 17:15:34
3660000,PHMA320103660023041300001,2010-06-28,,영업/정상,,,,302-828,,정부대전청사부속의원,I,2026-05-01 22:00:33,"대전광역시 서구 청사로 189 (둔산동,(지하1))",0,영업중,13,01,부속의원,2,0,0424816079,234475.311509272    ,318000.276763913    ,대전광역시 서구 둔산2동 920번지 (지하1),122 101,"내과, 가정의학과",90.4,2023-05-19 00:14:01
3660000,PHMA320193660023041300002,2019-05-29,,영업/정상,,,,,35208,정부대전청사부속치과의원,I,2026-05-01 22:00:34,"대전광역시 서구 청사로 189, 정부대전청사 지하1층 (둔산동)",0,영업중,13,01,부속의원,0,0,0424816080,234475.311509272    ,318000.276763913    ,대전광역시 서구 둔산동 920번지 정부대전청사,411,예방치과,74.84,2024-10-11 02:13:32
3670000,PHMA320063670022041300001,2006-01-12,,영업/정상,,,,,34105,국군의학연구소부속의원,I,2026-05-09 22:53:58,대전광역시 유성구 자운로 27 (자운동),0,영업중,13,01,부속의원,2,0,0428784876,231154.141785505    ,321693.501865185    ,대전광역시 유성구 추목동 사서함 78-503호,119 118,"병리과, 진단검사의학과",421,2026-04-24 04:43:18
3670000,PHMA320223670022041300001,2022-06-21,,영업/정상,,,,,34122,엘지에너지솔루션부속의원,U,2026-05-09 03:03:03,"대전광역시 유성구 문지로 188, LG에너지솔루션기술연구원 본관동 L층 (문지동)",0,영업중,13,01,부속의원,1,0,0428662100,235555.885928694    ,320891.072993973    ,대전광역시 유성구 문지동 104-1 LG화학기술연구원,126 125 124 122 120 114 113 103 102 101,"내과, 신경과, 정신건강의학과, 이비인후과, 피부과, 재활의학과, 가정의학과, 직업환경의학과, 응급의학과, 예방의학과",147,2026-05-08 07:13:19
3670000,PHMA320163670022041300001,2016-10-13,,영업/정상,,,,,34222,대전교도소부속치과의원,I,2026-05-09 22:53:58,대전광역시 유성구 한우물로66번길 6 (대정동),0,영업중,13,01,부속의원,1,0,0425402275,229640.392093919    ,312378.497291123    ,,407 402,"구강악안면외과, 치과보존과",36.12,2021-07-09 02:43:18
3670000,PHMA320103670022041300002,2010-10-26,,영업/정상,,,,,34141,카이스트부속치과의원,I,2026-05-09 22:53:58,"대전광역시 유성구 대학로 291 (구성동, 한국과학기술원E-21)",0,영업중,13,01,부속의원,2,0,0423500500,232585.551386827    ,318729.072756041    ,,412,통합치의학과,124.73,2025-05-03 11:02:30
3670000,PHMA320103670022041300001,2010-09-09,,영업/정상,,,,,34141,카이스트부속의원,I,2026-05-09 22:53:58,"대전광역시 유성구 대학로 291, 한국과학기술원 E-21 (구성동)",0,영업중,13,01,부속의원,15,0,0423500500,232585.551386827    ,318729.072756041    ,대전광역시 유성구 구성동 23 한국과학기술원,101 102 103 114 122,"내과, 신경과, 정신건강의학과, 피부과, 가정의학과",2043.39,2025-04-03 07:24:36
3670000,PHMA320053670022041300001,2005-09-27,,영업/정상,,,,,34222,대전교도소부속의원,I,2026-05-09 22:53:58,대전광역시 유성구 한우물로66번길 6 (대정동),29,영업중,13,01,부속의원,19,12,0425449301,229640.392093919    ,312378.497291123    ,대전광역시 유성구 한우물길 48번지,101 111 112 110 104 114 113 115 105,"내과, 외과, 정형외과, 산부인과, 소아청소년과, 안과, 이비인후과, 피부과, 비뇨의학과",628.19,2025-06-13 01:13:17
3680000,PHMA320103680022041300001,2010-08-12,,영업/정상,,,,306-210,34300,한국타이어(주)대전공장부속의원,I,2025-12-15 16:15:28,대전광역시 대덕구 대덕대로1447번길 40 (목상동),0,영업중,13,01,부속의원,3,0,0429301171,236677.251501375    ,327631.094383496    ,대전광역시 대덕구 목상동 100번지 (67동),122 101 104 113 114,"내과, 외과, 이비인후과, 피부과, 가정의학과",96.18,2018-09-28 13:42:00
3690000,PHMA320103690018041300001,2010-06-08,,폐업,2011-10-21,,,681-803,,동서의료소비자생활협동조합 부속 조은실버의원,I,2026-04-22 22:30:33,"울산광역시 중구 북부순환도로 111 (다운동,(1층))",26,폐업,03,03,부속의원,1,4,,406233.177982889    ,230818.285656124    ,울산광역시 중구 다운동 552번지 3호 (1층),101 114 109 102,"내과, 신경과, 마취통증의학과, 피부과",188,2011-10-21 17:29:36
3690000,PHMA320083690018021300001,2008-11-17,,폐업,2009-12-29,,,681-200,,행복사랑의료소비자생활협동조합 부속중울산요양병원,I,2026-04-22 22:30:33,"울산광역시 중구 학성로 155 (학산동,4층,6층)",85,폐업,03,03,부속병원,2,13,,411016.376532028    ,231042.883770433    ,"울산광역시 중구 학산동 74번지 22호 4층,6층",101 102 120 109,"내과, 신경과, 마취통증의학과, 재활의학과",997.4,2009-12-29 13:51:58
3700000,PHMA320183700018041300001,2018-04-11,,영업/정상,,,,,44643,울산지방법원 부속의원,I,2026-05-11 22:30:37,"울산광역시 남구 법대로 55, 울산지방법원 9층 (옥동)",0,영업중,13,01,부속의원,1,0,0522168156,407373.726542979    ,229050.457240146    ,울산광역시 남구 옥동 1415번지 울산지방법원,122 101,"내과, 가정의학과",45.8,2025-02-05 14:17:16
3700000,PHMA319823700018041300001,1982-07-16,,영업/정상,,,,680-130,44782,에스케이에너지주식회사부속의원,I,2026-05-11 22:30:36,울산광역시 남구 신여천로 2 (고사동),0,영업중,13,01,부속의원,3,0,0522082391,413725.562545146    ,225181.99803865     ,울산광역시 남구 고사동 110번지,101,내과,286.2,2026-01-09 13:23:41
3710000,PHMA320153710033041300001,2015-08-25,,취소/말소/만료/정지/중지,2017-04-24,,,,44032,학교법인 동의학원 현대중공업한의원,I,2026-04-27 22:30:35,"울산광역시 동구 방어진순환도로 1000 (전하동, 현대중공업)",0,직권폐업,24,04,부속의원,4,0,0522035010,421219.235781497    ,226711.641285437    ,,308 306 304 301,"한방내과, 한방안·이비인후·피부과, 한방재활의학과, 침구과",39,2017-04-24 16:16:47
3710000,PHMA319903710033041300001,1990-06-13,,영업/정상,,,,682-712,44113,HD현대중공업(주) 중형선부속의원,I,2026-04-27 22:30:35,울산광역시 동구 방어진순환도로 100 (방어동),0,영업중,13,01,부속의원,2,0,0522503671,417802.794202797    ,225326.968907405    ,울산광역시 동구 방어동 1381번지,101,내과,140.9,2026-04-24 13:13:31
3710000,PHMA320133710033041300001,2013-10-14,,영업/정상,,,,,44114,HD현대중공업(주)해양부속의원,U,2026-05-23 03:03:03,"울산광역시 동구 방어진순환도로 400, (주)현대중공업해양사업부본부 (방어동)",0,영업중,13,01,부속의원,2,0,0522021484,418496.271842486    ,223740.193761814    ,울산광역시 동구 방어동 686-4 (주)현대중공업해양사업부본부,101 104 114 113 120 122 124,"내과, 외과, 이비인후과, 피부과, 재활의학과, 가정의학과, 직업환경의학과",217.77,2026-05-22 15:41:38
3710000,PHMA319913710033041300001,1991-01-04,,영업/정상,,,,,44032,HD현대중공업(주)부속의원,I,2026-04-27 22:30:35,"울산광역시 동구 방어진순환도로 1000, 현대중공업 (전하동)",0,영업중,13,01,부속의원,3,0,0522305391,421219.235781497    ,226711.641285437    ,울산광역시 동구 전하동 1 현대중공업,101 104 113 114 124 120 122,"내과, 외과, 이비인후과, 피부과, 재활의학과, 가정의학과, 직업환경의학과",1204.12,2026-04-24 11:14:01
3720000,PHMA319893720017041300001,1989-08-12,,영업/정상,,,,,44259,현대자동차(주)부속의원,I,2026-05-11 22:30:37,"울산광역시 북구 염포로 700 (양정동, 현대자동차)",0,영업중,13,01,부속의원,21,0,0522154846,416245.716345083    ,229100.078128485    ,울산광역시 북구 양정동 700번지,101 104,"내과, 외과",1183.9,2026-05-08 04:43:21
3730000,PHMA320093730017041300001,2009-03-12,,영업/정상,,,,689-811,44953,삼성SDI(주)부속의원,I,2026-03-07 22:30:22,"울산광역시 울주군 삼남읍 반구대로 163, 40동",0,영업중,13,01,부속의원,3,0,0553801075,389700.20202757     ,226168.600913126    ,울산광역시 울주군 삼남읍 가천리 818번지 40동 1층,122 114 112 105 104 103 101,"내과, 정신건강의학과, 외과, 정형외과, 안과, 피부과, 가정의학과",248,2026-03-06 00:43:18
3730000,PHMA320163730017041300001,2016-07-04,,영업/정상,,,,,44919,울산과학기술원 직장부속의원,I,2026-01-24 22:30:20,"울산광역시 울주군 언양읍 유니스트길 50, 울산과학기술원 대학본부동 B103호, 실내체육관 108호",0,영업중,13,01,부속의원,1,0,0522174005,398383.517475919    ,232930.828794901    ,울산광역시 울주군 언양읍 반연리 100 울산과학기술원,122 113 103,"정신건강의학과, 이비인후과, 가정의학과",366.14,2026-01-23 01:43:21
3730000,PHMA320213730017041300001,2021-06-02,,폐업,2024-04-23,,,,44919,울산과학기술원 부속 한의원,I,2025-12-15 16:15:28,"울산광역시 울주군 언양읍 유니스트길 50, 울산과학기술원 102동 201-2호",0,폐업,03,03,부속의원,2,0,0522175205,398383.517475919    ,232930.828794901    ,울산광역시 울주군 언양읍 반연리 100 울산과학기술원,301 306 308,"한방내과, 한방재활의학과, 침구과",23.4,2024-04-25 15:28:20
3730000,PHMA320203730017041300001,2020-11-30,,폐업,2021-10-14,,,,45014,한국수력원자력(주) 새울원자력본부 부속의원,I,2025-12-15 16:15:28,울산광역시 울주군 서생면 해맞이로 658-63,0,폐업,03,03,부속의원,3,0,0527152490,,,울산광역시 울주군 서생면 신암리 산 350-1,101,내과,14.5,2021-10-25 12:04:03
3730000,PHMA320053730017041300001,2005-09-28,,영업/정상,,,,,44960,울산구치소 부속의원,I,2025-12-15 16:15:28,"울산광역시 울주군 청량읍 청량천변로 103-9, 울산구치소",0,영업중,13,01,부속의원,11,0,0522289793,404939.125683213    ,227856.578976276    ,울산광역시 울주군 청량읍 문죽리 903번지 1호 울산구치소,115 114 113 112 107 106 105 104 103 102 101,"내과, 신경과, 정신건강의학과, 외과, 정형외과, 신경외과, 심장혈관흉부외과, 안과, 이비인후과, 피부과, 비뇨의학과",246.6,2019-07-02 09:27:01
3740000,PHMA319853740106041300001,1985-08-12,,폐업,2009-07-08,2008-08-25,,443-390,,삼성SDI(주)부속의원,I,2026-05-10 21:30:36,,0,폐업,03,03,부속의원,2,0,0312107152,,,경기도 수원시 영통구 신동 575,101 104,"내과, 외과",77.16,2009-07-09 08:04:12
3740000,PHMA319993740031041300001,1999-07-13,,폐업,2010-01-07,,,440-260,,한국보훈복지의료공단부속의원,I,2026-05-10 21:30:37,,0,폐업,03,03,부속의원,3,0,0312501543,,,경기도 수원시 장안구 하광교동 423-7,101 104,"내과, 외과",80.52,2010-01-07 17:44:02
3740000,PHMA320243740106041300001,2024-01-09,,영업/정상,,,,,16508,경기도청 부속치과의원,I,2026-05-10 21:30:41,"경기도 수원시 영통구 도청로 30, 경기도청 3층 (이의동)",0,영업중,13,01,부속의원,1,0,03180083751,,,,402 406 407 408 409 411 412,"구강악안면외과, 치주과, 치과보존과, 구강내과, 영상치의학과, 예방치과, 통합치의학과",73.03,2025-08-21 10:49:56
3740000,PHMA320233740106041300001,2023-03-10,,휴업,,2025-09-01,2026-11-01,,16512,수원법원종합청사부속의원,I,2026-05-10 21:30:41,"경기도 수원시 영통구 법조로 105, 수원법원종합청사 4층 444호 (하동)",0,휴업,02,02,부속의원,1,0,0316391689,206065.138151448    ,420959.169651016    ,경기도 수원시 영통구 하동 990 수원법원종합청사,122,가정의학과,67.48,2026-04-27 17:19:55
3740000,PHMA320143740106041300002,2014-11-21,,영업/정상,,,,,16678,삼성전자(주)SAIT부속의원,I,2026-05-10 21:30:40,"경기도 수원시 영통구 삼성로 130, 삼성미래기술캠퍼스 (매탄동)",0,영업중,13,01,부속의원,4,0,,204875.754450729    ,416736.841570505    ,,101 103 104 105 113 122,"내과, 정신건강의학과, 외과, 정형외과, 이비인후과, 가정의학과",134.2,2026-05-08 07:43:38
3740000,PHMA320143740106041300001,2014-04-30,,영업/정상,,,,,16674,삼성전기 부속의원,U,2026-05-23 03:03:03,"경기도 수원시 영통구 매영로 150, 삼성전기 5동 2층 (매탄동)",0,영업중,13,01,부속의원,4,0,0312105874,205011.647923585    ,418078.816794824    ,경기도 수원시 영통구 매탄동 310 삼성전기,101 104 114 122,"내과, 외과, 피부과, 가정의학과",196.2,2026-05-22 03:13:42
3740000,PHMA320143740031041300001,2014-06-12,,영업/정상,,,,,16508,경기도교육청부속한의원,I,2026-05-10 21:30:40,"경기도 수원시 영통구 도청로 28, 경기도교육청 1층 (이의동)",0,영업중,13,01,부속의원,2,0,0312490580,,,경기도 수원시 영통구 이의동 0 경기도교육청,301 302 303 304 306 308,"한방내과, 한방부인과, 한방소아과, 한방안·이비인후·피부과, 한방재활의학과, 침구과",47.43,2023-11-17 11:49:35
3740000,PHMA320133740106041300001,2013-06-28,,영업/정상,,,,443-742,16677,삼성전자수원부속의원,U,2026-05-22 03:03:03,"경기도 수원시 영통구 삼성로 129, 2,3층 (매탄동)",0,영업중,13,01,부속의원,28,0,0312001318,204466.046131577    ,417102.66211722     ,"경기도 수원시 영통구 매탄동 416번지 2,3층",101 104 105 113 122 124 103,"내과, 정신건강의학과, 외과, 정형외과, 이비인후과, 가정의학과, 직업환경의학과",1408,2026-05-21 22:13:42
3740000,PHMA320083740033041300001,2008-09-11,,영업/정상,,,,,16508,경기도청부속한의원,I,2026-05-10 21:30:39,"경기도 수원시 영통구 도청로 30, 경기도청 3층 일부호 (이의동)",0,영업중,13,01,부속의원,3,0,0312493761,,,경기도 수원시 영통구 이의동 0 경기도청,301 302 303 304 305 306 307 308,"한방내과, 한방부인과, 한방소아과, 한방안·이비인후·피부과, 한방신경정신과, 한방재활의학과, 사상체질과, 침구과",112.42,2024-01-16 09:38:01
3740000,PHMA320073740033021300001,2007-01-22,,영업/정상,,,,,16440,경인지방병무청,I,2026-05-10 21:30:38,"경기도 수원시 팔달구 고화로 120, 경인지방병무청 (화서동)",0,영업중,13,01,병무청,10,0,0312287615,200577.350713141    ,419813.495977988    ,경기도 수원시 팔달구 화서동 53-2 인천경기병무청,604,병무청,0,2022-02-09 09:20:01
3740000,PHMA320053740033041300002,2005-10-01,,영업/정상,,,,442-190,16492,수원구치소부속치과의원,I,2026-05-10 21:30:38,경기도 수원시 팔달구 팔달문로 176 (우만동),0,영업중,13,01,부속의원,1,0,0312177101,203152.192738768    ,420065.424898756    ,경기도 수원시 팔달구 우만동 182,201 202 203 204 205 206 207 208 209 210,"구강악안면외과, 치과보철과, 치과교정과, 소아치과, 치주과, 치과보존과, 구강내과, 구강악안면방사선과, 구강병리과, 예방치과",32.4,2015-07-16 09:56:20
3740000,PHMA320053740033041300001,2005-09-27,,영업/정상,,,,442-190,16492,수원구치소부속의원,I,2026-05-10 21:30:37,경기도 수원시 팔달구 팔달문로 176 (우만동),22,영업중,13,01,부속의원,2,9,0312177101,203152.192738768    ,420065.424898756    ,경기도 수원시 팔달구 우만동 182,101 102 103 104 105 106 107 108 109 110 111 112 113 114 115 116 117 118 119 120 121 122 123 124 125,"내과, 신경과, 정신건강의학과, 외과, 정형외과, 신경외과, 심장혈관흉부외과, 성형외과, 마취통증의학과, 산부인과, 소아청소년과, 안과, 이비인후과, 피부과, 비뇨의학과, 영상의학과, 방사선종양학과, 병리과, 진단검사의학과, 재활의학과, 결핵과, 가정의학과, 핵의학과, 직업환경의학과, 응급의학과",626.76,2025-11-07 07:13:45
3740000,PHMA319953740031041300001,1995-01-11,,영업/정상,,,,440-843,16293,유당마을부속의원,I,2026-05-10 21:30:36,경기도 수원시 장안구 수일로191번길 26 (조원동),0,영업중,13,01,부속의원,2,0,0312420079,200892.785906243    ,423065.084089286    ,경기도 수원시 장안구 조원동 119번지 3호,101 102 120,"내과, 신경과, 재활의학과",90,2024-04-25 23:13:40
3740000,PHMA319743740033041300001,1974-03-08,,영업/정상,,,,,16508,경기도청부속의원,I,2026-05-10 21:30:35,"경기도 수원시 영통구 도청로 30, 경기도청 지상 3층 (이의동)",0,영업중,13,01,부속의원,2,0,03180083761,,,경기도 수원시 영통구 이의동 0 경기도청,101 104 122,"내과, 외과, 가정의학과",73.03,2024-01-16 13:06:54
3780000,PHMA320103780064041300001,2010-09-30,,영업/정상,,,,,13494,SK가스/디스커버리부속치과의원,I,2025-12-15 16:15:28,"경기도 성남시 분당구 판교로 310, 3층 (삼평동)",0,영업중,13,01,부속의원,1,0,0262008228,209571.038364829    ,433413.403290258    ,,402 403 405 406 407 408 412,"구강악안면외과, 치과보철과, 소아치과, 치주과, 치과보존과, 구강내과, 통합치의학과",0,2025-05-12 16:30:39
3780000,PHMA319903780063041300001,1990-04-25,,영업/정상,,,,462-803,13174,신구대학교부속치과의원,I,2025-12-15 16:15:28,"경기도 성남시 중원구 광명로 377, 동관동 108호 (금광동)",0,영업중,13,01,부속의원,3,0,0317401345,214800.841960983    ,438522.159034993    ,경기도 성남시 중원구 금광2동 2685번지 동관 108호,401,치과,78.85,2023-06-29 13:04:24
3780000,PHMA320113780064041300001,2011-06-15,,폐업,2014-02-19,2012-09-15,2013-09-14,463-410,,에스케이케미칼부속의원,I,2025-12-15 16:15:28,,0,폐업,03,03,부속의원,2,0,,,,경기도 성남시 분당구 판교동 686번지 SK케미칼연구소 2층 일부,101 111 122,"내과, 소아청소년과, 가정의학과",45.97,2014-02-19 13:33:58
3780000,PHMA320103780063041300001,2010-05-12,,폐업,2011-01-21,,,462-130,,국민의료소비자생활협동조합부속로하스한의원,I,2025-12-15 16:15:28,"경기도 성남시 중원구 제일로73번길 16 (성남동,크란츠빌Ⅱ  B03호)",0,폐업,03,03,부속의원,1,0,,211753.18412588     ,436817.865621549    ,경기도 성남시 중원구 성남동 3287번지 크란츠빌Ⅱ  B03호,301 302 303 304 305 306 309 308 307,"한방내과, 한방부인과, 한방소아과, 한방안·이비인후·피부과, 한방신경정신과, 한방재활의학과, 사상체질과, 침구과, 한방응급과",257.01,2011-01-21 20:45:47
3780000,PHMA320163780064041300003,2016-04-07,,제외/삭제/전출,,,,,13530,삼성물산부속치과의원,I,2025-12-15 16:15:28,"경기도 성남시 분당구 대왕판교로606번길 606, 3층 (백현동, 알파리움1단지 타워1동)",0,전출,15,05,부속의원,1,0,03180177287,,,,411 409 408 407 406 403 402,"구강악안면외과, 치과보철과, 치주과, 치과보존과, 구강내과, 영상치의학과, 예방치과",150.15,2018-03-13 15:52:21
3780000,PHMA320223780062041300001,2022-04-21,,영업/정상,,,,,13449,삼성에스디에스 주식회사 판교 부속의원,I,2026-02-28 21:30:24,"경기도 성남시 수정구 창업로 17, E동 201호 (시흥동)",0,영업중,13,01,부속의원,1,0,03151780130,208613.865984257    ,434443.112052722    ,경기도 성남시 수정구 시흥동 288-2,122,가정의학과,118.42,2026-02-27 03:44:05
3780000,PHMA320133780064021300001,2013-08-01,,영업/정상,,,,463-400,13494,엔씨부속의원,U,2026-04-24 03:03:03,"경기도 성남시 분당구 대왕판교로644번길 12, N동 2층 일부호 (삼평동, 엔씨소프트 판교R&D센터)",0,영업중,13,01,부속의원,2,0,0262018891,209499.246862233    ,433037.331111034    ,경기도 성남시 분당구 삼평동 668번지 엔씨소프트 판교R&D센터 N동 2층일부,101 104 111 106 105 114 120,"내과, 외과, 정형외과, 신경외과, 소아청소년과, 피부과, 재활의학과",430.02,2026-04-23 17:00:49
3780000,PHMA320103780062041300001,2010-02-02,,폐업,2010-10-06,,,461-812,,성남의료소비자생활협동조합부속한의원우리한의원,I,2025-12-15 16:15:28,"경기도 성남시 수정구 수정로 208 (신흥동,메드위즈빌딩 9층)",0,폐업,03,03,부속의원,1,0,,212566.668421192    ,437986.956485241    ,경기도 성남시 수정구 신흥3동 3436번지 13호 메드위즈빌딩 9층,304 301 302 303 305 306 307 308,"한방내과, 한방부인과, 한방소아과, 한방안·이비인후·피부과, 한방신경정신과, 한방재활의학과, 사상체질과, 침구과",181.26,2010-10-06 13:54:11
3780000,PHMA320163780064041300001,2016-02-24,,폐업,2021-10-15,,,,13605,한국수력원자력(주)부속의원,I,2025-12-15 16:15:28,"경기도 성남시 분당구 돌마로 172, 5층 지하1층 일부호 (정자동, 분당서울대학교병원헬스케어혁신파크)",3,폐업,03,03,부속의원,8,3,0312893999,210663.975581365    ,428028.358761709    ,,101 123 124 125 126,"내과, 핵의학과, 직업환경의학과, 응급의학과, 예방의학과",166.5,2021-11-30 17:47:40
3780000,PHMA320233780064041300001,2023-04-28,,영업/정상,,,,,13493,(주)스마일게이트부속한의원,I,2026-01-29 21:30:21,"경기도 성남시 분당구 판교역로 230, 삼환하이펙스B동 지1층 B-106호 (삼평동)",0,영업중,13,01,부속의원,2,0,0316008200,209709.052786603    ,433248.72151622     ,,306 305 304 303 302 301,"한방내과, 한방부인과, 한방소아과, 한방안·이비인후·피부과, 한방신경정신과, 한방재활의학과",36.45,2026-01-28 09:59:38
3780000,PHMA320183780064041300001,2018-08-13,,영업/정상,,,,,13561,네이버부속의원,U,2026-04-04 03:03:03,"경기도 성남시 분당구 정자일로 95, 5층 일부호 (정자동)",0,영업중,13,01,부속의원,10,0,0317844119,209247.067526       ,428537.936079393    ,경기도 성남시 분당구 정자동 178-4 1784,122 120 116 115 114 113 112 111 110 101,"내과, 산부인과, 소아청소년과, 안과, 이비인후과, 피부과, 비뇨의학과, 영상의학과, 재활의학과, 가정의학과",918.02,2026-04-03 02:14:13
3780000,PHMA320163780064041300002,2016-04-07,,제외/삭제/전출,,,,,13530,삼성물산부속의원,I,2025-12-15 16:15:28,"경기도 성남시 분당구 대왕판교로606번길 10, 3층 (백현동, 알파리움1단지 타워1동)",0,전출,15,05,부속의원,2,0,03180177281,209511.303885931    ,432604.40297927     ,,122 114 113 112 101,"내과, 안과, 이비인후과, 피부과, 가정의학과",175.85,2018-03-29 23:43:57
3820000,PHMA320033820050041300001,2003-06-04,,영업/정상,,,,480-764,,경기도북부청사부속의원,I,2026-05-10 21:30:35,경기도 의정부시 청사로 1 (신곡동),0,영업중,13,01,부속의원,2,0,03180305248,206266.108823378    ,471654.719917668    ,경기도 의정부시 신곡2동 800번지,101 113 110,"내과, 산부인과, 이비인후과",56.43,2019-11-19 11:27:12
3820000,PHMA320153820050041300001,2015-06-03,,영업/정상,,,,480-764,11780,경기도북부청사부속한의원,I,2026-05-10 21:30:36,"경기도 의정부시 청사로 1 (신곡동, 경기도청 북부청사)",0,영업중,13,01,부속의원,2,0,03180305246,206266.108823378    ,471654.719917668    ,경기도 의정부시 신곡동 800번지,301 302 304 305 306 307 308,"한방내과, 한방부인과, 한방안·이비인후·피부과, 한방신경정신과, 한방재활의학과, 사상체질과, 침구과",45.85,2017-09-05 18:37:36
3820000,PHMA320253820050041300001,2025-02-27,,휴업,,2026-02-28,2026-05-31,,11616,의정부지방법원부속의원,I,2026-05-10 21:30:37,"경기도 의정부시 녹양로34번길 23, 의정부지방법원 4(일부)층 (가능동)",0,휴업,02,02,부속의원,1,0,0318280164,202903.529944599    ,472482.860824579    ,경기도 의정부시 가능동 364 의정부지방법원,118,병리과,61,2026-05-07 14:26:58
3820000,PHMA320193820050041300001,2019-03-13,,폐업,2019-10-21,,,,11645,학교법인 신흥학원 부설 신한부속의원,I,2026-05-10 21:30:36,"경기도 의정부시 망월로 10-1, 1~2층 (호원동)",0,폐업,03,03,부속의원,1,0,03180829000,204043.056701928    ,467353.420951268    ,경기도 의정부시 호원동 119번지 24호,126 122 115 114 113 111 110 109 108 107 106 105 104 101,"내과, 외과, 정형외과, 신경외과, 심장혈관흉부외과, 성형외과, 마취통증의학과, 산부인과, 소아청소년과, 이비인후과, 피부과, 비뇨의학과, 가정의학과, 예방의학과",142.84,2019-10-21 10:12:46
3820000,PHMA319953820050041300001,1995-03-14,,영업/정상,,,,,11642,경기북부병무지청,I,2026-05-10 21:30:34,"경기도 의정부시 전좌로 76 (호원동, 경기북부병무지청)",0,영업중,13,01,병무청,10,0,0318700234,203727.47450095     ,468177.306269151    ,경기도 의정부시 호원동 274번지 2호,121,결핵과,0,2019-10-10 12:21:29
3820000,PHMA320023820050041300001,2005-10-12,,영업/정상,,,,480-700,11797,의정부교도소부속의원,I,2026-05-10 21:30:34,경기도 의정부시 송산로 1111-76 (고산동),0,영업중,13,01,부속의원,11,0,0318427601,207991.711258492    ,468954.636947176    ,경기도 의정부시  85번지 의정부교도소,101 104,"내과, 외과",217.6,2020-06-05 03:13:17
3830000,PHMA320053830077041300001,2005-09-26,,영업/정상,,,,,14122,안양교도소부속의원,I,2026-05-10 21:30:35,경기도 안양시 동안구 경수대로508번길 42 (호계동),0,영업중,13,01,부속의원,2,0,0314596384,196622.691068655    ,429767.092205232    ,경기도 안양시 동안구 호계동 458번지 1호 안양교도소내,104 101 401,"내과, 외과, 치과",546.84,2022-07-22 15:43:20
3830000,PHMA320183830263041300001,2018-03-20,,영업/정상,,,,,14122,서울소년분류심사원부속의원,I,2026-05-10 21:30:37,"경기도 안양시 동안구 경수대로 500, 서울소년분류심사원 (호계동)",0,영업중,13,01,부속의원,0,0,0314512683,196514.665216511    ,429562.719842626    ,경기도 안양시 동안구 호계동 773번지 9호 서울소년분류심사원,122 114 113 112 110 105 104 103 101,"내과, 정신건강의학과, 외과, 정형외과, 산부인과, 안과, 이비인후과, 피부과, 가정의학과",33.63,2024-06-27 21:13:22
3830000,PHMA320183830262041300001,2018-03-26,,영업/정상,,,,,13910,안양소년원부속의원,I,2026-05-10 21:30:37,"경기도 안양시 만안구 삼막로96번길 11, 안양소년원1층생활관 (석수동)",0,영업중,13,01,부속의원,1,0,0314733781,,,경기도 안양시 만안구 석수동 116번지 안양소년원1층생활관,125 122 121 115 114 113 111 110 108 107 106 105 104 103 102 101,"내과, 신경과, 정신건강의학과, 외과, 정형외과, 신경외과, 심장혈관흉부외과, 성형외과, 산부인과, 소아청소년과, 이비인후과, 피부과, 비뇨의학과, 결핵과, 가정의학과, 응급의학과",58.8,2018-04-06 01:13:40
3830000,PHMA320173830197041300001,2017-05-08,,영업/정상,,,,,14053,안양시청부속한의원,I,2026-05-10 21:30:36,"경기도 안양시 동안구 시민대로 235, 6층 (관양동, 안양시청)",0,영업중,13,01,부속의원,2,0,03180452930,196125.94280864     ,432452.875759046    ,경기도 안양시 동안구 관양동 1590번지,308 307 306 305 304 303 302 301,"한방내과, 한방부인과, 한방소아과, 한방안·이비인후·피부과, 한방신경정신과, 한방재활의학과, 사상체질과, 침구과",61.44,2017-09-05 18:37:25
3900000,PHMA320063900028041300002,2006-06-26,,폐업,2009-06-30,,,423-050,,기아자동차(주)소하리공장부속한의원,I,2025-12-15 16:15:28,경기도 광명시 기아로 113 (소하동),0,폐업,03,03,부속의원,1,0,,190043.011304807    ,437292.496126789    ,경기도 광명시 소하동 781번지 1호,110 107 111 101 112 113 114 102 103 120,"내과, 신경과, 정신건강의학과, 심장혈관흉부외과, 산부인과, 소아청소년과, 안과, 이비인후과, 피부과, 재활의학과",59.3,2014-02-07 19:30:58
3900000,PHMA319923900028041300002,1992-08-19,,폐업,2023-01-02,,,423-701,14323,기아자동차(주)소하리부속의원,I,2025-12-15 16:15:28,"경기도 광명시 기아로 113 (소하동, 기아자동차소하리공장내 부속의원)",0,폐업,03,03,부속의원,1,0,,190043.011304807    ,437292.496126789    ,경기도 광명시 소하1동 781번지 1호 기아자동차소하리공장내 부속의원,101 104,"내과, 외과",946.95,2023-01-05 10:34:54
3910000,PHMA320253910165041300001,2025-12-30,,영업/정상,,,,,17786,삼성전자(주)평택사무3동부속의원,U,2026-05-23 03:03:03,"경기도 평택시 삼성로 114, 삼성전자(주) 평택캠퍼스 3동 6층 (고덕동)",0,영업중,13,01,부속의원,2,0,03161916278,205276.542163998    ,392561.65560657     ,경기도 평택시 고덕동 1695 삼성전자(주) 평택캠퍼스,122 101,"내과, 가정의학과",696.4,2026-05-22 04:43:46
3910000,PHMA320113910165041300001,2011-12-07,,영업/정상,,,,459-711,17749,케이지모빌리티(주) 부속한의원,I,2025-12-15 16:15:28,경기도 평택시 동삭로 455-12 (칠괴동),0,영업중,13,01,부속의원,1,0,0316101216,208316.693541888    ,391771.82194916     ,경기도 평택시 칠괴동 150번지 3호,308 301,"한방내과, 침구과",160.75,2024-06-11 18:52:21
3910000,PHMA320053910168041300001,2005-09-28,,영업/정상,,,,,17848,수원구치소 평택지소 부속의원,I,2025-12-15 16:15:28,경기도 평택시 평남로 1036 (동삭동),7,영업중,13,01,부속의원,1,4,0316505875,208494.800240874    ,389874.482142959    ,경기도 평택시 동삭동 245-1,101 104,"내과, 외과",89.01,2019-04-08 16:06:05
3910000,PHMA319913910165041300001,1991-04-26,,영업/정상,,,,451-713,17709,LG전자(주)평택공장 부속의원,U,2026-04-10 03:03:03,경기도 평택시 진위면 엘지로 222,0,영업중,13,01,부속의원,4,0,0316105181,207804.154600343    ,402421.818743856    ,경기도 평택시 진위면 청호리 19번지 1호,101 104 122,"내과, 외과, 가정의학과",200.09,2026-04-09 11:10:10
3910000,PHMA320173910165041300001,2017-08-30,,영업/정상,,,,,17786,삼성전자(주) 평택부속의원,U,2026-05-22 03:03:03,"경기도 평택시 삼성로 144, 삼성전자(주) 평택캠퍼스 복지동 2층 (고덕동)",0,영업중,13,01,부속의원,6,0,03161911004,204538.699823208    ,392857.319489022    ,경기도 평택시 고덕동 1697 삼성전자(주) 평택캠퍼스,122 114 103 101,"내과, 정신건강의학과, 피부과, 가정의학과",721.4,2026-05-21 22:13:43
3910000,PHMA320083910168041300001,2008-10-28,,폐업,2009-10-06,,,,,행복한의료소비자생활협동조합부속의원,I,2025-12-15 16:15:28,,0,폐업,03,03,부속의원,6,0,,,,"경기도 평택시 세교동 181-8외 2필지 세용아파트상가 102,201,203호",101 111 114,"내과, 소아청소년과, 피부과",469.84,2009-10-05 20:30:35
3930000,PHMA320093930154041300001,2009-02-24,,폐업,2009-04-30,,,425-848,,(사)한국신장장애인협회 안산나눔의원,I,2025-12-15 16:15:28,"경기도 안산시 단원구 원선로 55 (원곡동,1,2층(일부), 4층)",20,폐업,03,03,부속의원,7,8,,182077.012566104    ,425312.988188886    ,"경기도 안산시 단원구 원곡동 826번지 12호 1,2층(일부), 4층",101 105 104 114 111 115 106 113,"내과, 외과, 정형외과, 신경외과, 소아청소년과, 이비인후과, 피부과, 비뇨의학과",779.14,2011-04-05 11:33:32
3930000,PHMA320093930154041300002,2009-11-02,,폐업,2010-10-04,,,425-800,,안산의료소비자생활협동조합 부속 우리생협치과의원,I,2025-12-15 16:15:28,"경기도 안산시 단원구 삼일로 461 (고잔동,2층, 3층(일부))",0,폐업,03,03,부속의원,1,0,0314872255,184693.13           ,425396.79           ,"경기도 안산시 단원구 고잔1동 507번지 8호 2층, 3층(일부)",401 205 202 203 206,"치과보철과, 치과교정과, 치주과, 치과보존과, 치과",188.2,2010-10-04 15:23:03
3930000,PHMA320103930154041300001,2010-08-06,,폐업,2013-02-20,,,425-868,,국민의료소비자생활협동조합안산고잔지점부속엔치모의원,I,2025-12-15 16:15:28,"경기도 안산시 단원구 고잔2길 59 (고잔동,신세기빌딩 202, 203호)",0,폐업,03,03,부속의원,2,0,,185544.047777398    ,423981.697177397    ,"경기도 안산시 단원구 고잔2동 540번지 16호 신세기빌딩 202, 203호",114 108,"성형외과, 피부과",144.4,2013-03-05 09:06:57
3940000,PHMA320193940138041300001,2019-08-28,,영업/정상,,,,,10534,(주)루트로닉부속의원,I,2025-12-15 16:15:28,"경기도 고양시 덕양구 소원로 219, 1층 102(일부)호 (행신동)",0,영업중,13,01,부속의원,2,0,07047146053,186484.617440624    ,456793.243638168    ,경기도 고양시 덕양구 행신동 1098번지,122 114 108,"성형외과, 피부과, 가정의학과",68.33,2024-04-04 13:02:19
3940000,PHMA319743940140021300001,1974-03-08,,폐업,2013-01-18,,,,,사회복지법인홀트아동복지회부속의원,I,2025-12-15 16:15:28,경기도 고양시 일산서구 탄현로 42 (탄현동),0,폐업,03,03,부속의원,4,0,0319146631,179900.881894248    ,465946.193385736    ,경기도 고양시 일산서구 탄현동 41번지 1호,101 111,"내과, 소아청소년과",0,2013-01-18 15:48:26
3940000,PHMA320143940138041300001,2014-07-10,,폐업,2015-05-15,,,412-220,,루트로닉부속의원,I,2025-12-15 16:15:28,"경기도 고양시 덕양구 소원로 219 (행신동, 루트로닉센터 1층 102호 일부)",0,폐업,03,03,부속의원,1,0,07047146099,186484.617440624    ,456793.243638168    ,경기도 고양시 덕양구 행신동 1098번지,114 108 122,"성형외과, 피부과, 가정의학과",44.4,2015-05-19 18:02:13
3970000,PHMA320203970017041300001,2020-02-20,,영업/정상,,,,,13809,정부과천청사 부속 한의원,I,2025-12-15 16:15:28,"경기도 과천시 관문로 47, 정부과천청사 지층 (중앙동)",0,영업중,13,01,부속의원,0,0,0221105724,198522.230664991    ,436095.915841316    ,경기도 과천시 중앙동 1번지 정부과천청사,308 301,"한방내과, 침구과",54,2020-02-28 04:43:15
3970000,PHMA320063970017041300001,2006-01-27,,영업/정상,,,,,13809,정부과천청사부속치과의원,I,2025-12-15 16:15:28,"경기도 과천시 관문로 47 (중앙동, 정부과천청사)",0,영업중,13,01,부속의원,1,0,0221105723,198522.230664991    ,436095.915841316    ,,412,통합치의학과,49.6,2024-10-04 13:17:41
3970000,PHMA320003970017041300001,2000-02-09,,영업/정상,,,,,13809,정부과천청사부속의원,I,2025-12-15 16:15:28,"경기도 과천시 관문로 47 (중앙동, 정부과천청사)",0,영업중,13,01,부속의원,1,0,0221105722,198522.230664991    ,436095.915841316    ,경기도 과천시 중앙동 1번지,101,내과,152.1,2025-12-05 09:13:15
3970000,PHMA320223970017041300001,2022-07-08,,영업/정상,,,,,13824,펄어비스 부속의원,I,2025-12-15 16:15:28,"경기도 과천시 과천대로2길 48, 펄어비스 홈 원 지하1층 (갈현동)",0,영업중,13,01,부속의원,2,0,024768583,198442.90983435     ,433829.416465356    ,,101 122,"내과, 가정의학과",199.3,2024-07-23 13:17:50
3970000,PHMA319943970017041300001,1994-07-25,,폐업,,,,427-010,,한국마사회부속치과의원,I,2025-12-15 16:15:28,,0,폐업,03,03,부속의원,1,0,025092908,,,경기도 과천시 주암동 한국마사회내,401,치과,87.1,2008-12-06 14:16:40
4020000,PHMA319984020028041300001,1998-09-03,,폐업,2013-08-21,,,435-040,,사회복지법인 엘림노인전문요양원 부속의원,I,2025-12-15 16:15:28,경기도 군포시 고산로 589 (산본동),0,폐업,03,03,부속의원,5,0,0313903903,193312.818906687    ,429325.532881072    ,경기도 군포시 산본동 1100번지,101 104 105 120 106,"내과, 외과, 정형외과, 신경외과, 재활의학과",159.9,2013-08-21 10:32:39
4030000,PHMA319894030022041300001,1989-11-21,,영업/정상,,,,,16001,서울구치소부속의원,I,2026-05-10 21:30:34,경기도 의왕시 안양판교로 143 (포일동),29,영업중,13,01,부속의원,4,18,0314236101,199187.715950702    ,432751.882383099    ,경기도 의왕시 포일동 636,112 110 105 101,"내과, 정형외과, 산부인과, 안과",596.2,2024-04-11 21:43:19
4030000,PHMA320184030022041300001,2018-03-02,,영업/정상,,,,,16075,서울소년원부속의원,I,2026-05-10 21:30:36,"경기도 의왕시 고산로 87 (고천동, 고봉중고등학교)",0,영업중,13,01,부속의원,0,0,0314556111,196502.736373139    ,427455.150989757    ,경기도 의왕시 고천동 430번지 고봉중고등학교,125 122 121 115 114 113 112 111 109 108 107 106 105 104 103 102 101,"내과, 신경과, 정신건강의학과, 외과, 정형외과, 신경외과, 심장혈관흉부외과, 성형외과, 마취통증의학과, 소아청소년과, 안과, 이비인후과, 피부과, 비뇨의학과, 결핵과, 가정의학과, 응급의학과",132.3,2024-04-26 01:43:13
4030000,PHMA320034030022041300001,2003-11-29,,폐업,2016-04-15,,,437-070,,성나자로마을부속치과의원,I,2026-05-10 21:30:35,경기도 의왕시 원골로 66 (오전동),0,폐업,03,03,부속의원,1,0,,197538.05706903     ,428962.869577676    ,경기도 의왕시 오전동 87번지,408 407 406 402,"구강악안면외과, 치주과, 치과보존과, 구강내과",202.3,2016-05-27 16:16:42
4030000,PHMA319744030022041300001,1974-03-08,,폐업,2016-04-15,,,437-070,,성나자로의원,I,2026-05-10 21:30:34,경기도 의왕시 원골로 66 (오전동),0,폐업,03,03,부속의원,2,54,,197538.05706903     ,428962.869577676    ,경기도 의왕시 오전동 87번지,114,피부과,340.8,2016-04-15 11:09:22
4050000,PHMA320104050149041300001,2010-03-26,,폐업,2011-03-29,,,448-160,,신우복지의료소비자생활협동조합 신우연합부속의원,I,2025-12-15 16:15:28,"경기도 용인시 수지구 현암로 153 (죽전동,7층 708호)",0,폐업,03,03,부속의원,2,0,0312850100,211121.410692837    ,425555.502838459    ,경기도 용인시 수지구 죽전동 1188번지 1호 7층 708호,101 111,"내과, 소아청소년과",113.65,2011-06-17 18:13:48
4050000,PHMA319924050148021300002,1992-03-13,,폐업,2014-04-01,,,446-920,,삼성전자㈜종합기술원부속의원,I,2025-12-15 16:15:28,경기도 용인시 기흥구 삼성2로 95 (농서동),0,폐업,03,03,부속의원,1,0,0312809125,207610.340975117    ,414074.827412605    ,경기도 용인시 기흥구 농서동 산 14번지 1호,101 104,"내과, 외과",112,2014-04-01 13:48:20
4050000,PHMA320184050148041300001,2018-05-25,,영업/정상,,,,,17084,삼성SDI(주) 기흥부속의원,I,2025-12-15 16:15:28,"경기도 용인시 기흥구 공세로 150-34, 삼성물산(주) 1층 (공세동)",0,영업중,13,01,부속의원,4,0,0312884120,209768.481511085    ,415052.526057537    ,,101 103 104 105 112 114 122,"내과, 정신건강의학과, 외과, 정형외과, 안과, 피부과, 가정의학과",186.07,2025-04-21 09:26:55
4050000,PHMA319894050148041300001,1989-02-08,,영업/정상,,,,,17113,삼성전자㈜기흥부속의원,U,2026-03-27 03:03:03,"경기도 용인시 기흥구 삼성로 1, 삼성전자(주)기흥캠퍼스 (농서동)",7,영업중,13,01,부속의원,14,2,0312097147,207061.022316272    ,414254.719707352    ,,120 114 103 101,"내과, 정신건강의학과, 피부과, 재활의학과",1255.29,2026-03-26 23:43:45
4050000,PHMA320244050148041300001,2024-09-09,,영업/정상,,,,,17113,삼성디스플레이(주)기흥부속의원,I,2025-12-15 16:15:28,"경기도 용인시 기흥구 삼성로 1, 삼성전자(주)기흥캠퍼스 삼성디스플레이리서치동 2층 (농서동)",0,영업중,13,01,부속의원,3,0,03151811717,207061.022316272    ,414254.719707352    ,,101 103 104 105 112 114 122,"내과, 정신건강의학과, 외과, 정형외과, 안과, 피부과, 가정의학과",679.8,2025-02-25 13:37:00
4050000,PHMA320224050148041300001,2022-05-02,,영업/정상,,,,,16924,(주)녹십자홀딩스부속의원,I,2025-12-15 16:15:28,"경기도 용인시 기흥구 이현로30번길 107, (주)녹십자 휘트니스센터 1층 (보정동)",0,영업중,13,01,부속의원,4,0,0312678500,208878.076660665    ,423905.988552715    ,,101 102 103 104 106 113 114 115 122,"내과, 신경과, 정신건강의학과, 외과, 신경외과, 이비인후과, 피부과, 비뇨의학과, 가정의학과",317.4,2022-11-17 13:19:57
4060000,PHMA320114060023041300001,2011-08-01,,영업/정상,,,,413-779,10845,LG 디스플레이파주공장부속의원,I,2026-05-10 21:30:41,경기도 파주시 월롱면 엘지로 245,0,영업중,13,01,부속의원,7,0,,179032.627208376    ,478868.080217206    ,경기도 파주시 월롱면 덕은리 1239번지,101 113 122,"내과, 이비인후과, 가정의학과",213.5,2025-03-28 00:13:46
4060000,PHMA320124060023041300001,2012-12-28,,폐업,2013-02-08,2024-08-11,2025-02-10,413-826,,개성공업지구 부속의원,I,2026-05-10 21:30:41,경기도 파주시 후곡로 13 (금촌동),10,폐업,03,03,부속의원,5,5,,179997.851890701    ,472669.457426407    ,경기도 파주시 금촌동 953번지 1호,101 125 122 104 105 113 112 401 114,"내과, 외과, 정형외과, 안과, 이비인후과, 피부과, 가정의학과, 응급의학과, 치과",100,2024-08-07 19:24:55
4060000,PHMA320104060023021300001,2010-09-01,,취소/말소/만료/정지/중지,2014-07-24,,,413-904,,문산보건지소(지방자치단체),I,2026-05-10 21:30:41,경기도 파주시 문산읍 개포래로 34,0,직권폐업,24,04,기타,4,0,0319405604,180966.436490452    ,483367.758078609    ,경기도 파주시 문산읍 문산리 35번지 8호,607,기타,987,2015-07-24 15:27:36
4070000,PHMA320084070023041300001,2008-03-19,,영업/정상,,,,,17336,SK 하이스텍(주)부속의원,I,2026-05-10 21:30:37,경기도 이천시 부발읍 경충대로 2091,0,영업중,13,01,부속의원,18,0,03151855555,243104.079290009    ,416797.645145138    ,,101 104 112 113 114 122 125,"내과, 외과, 안과, 이비인후과, 피부과, 가정의학과, 응급의학과",1036.9,2026-01-14 11:19:02
4070000,PHMA320194070023041300001,2012-12-24,,폐업,2024-05-31,,,,17382,특수전사령부 부속의원,I,2026-05-10 21:30:39,경기도 이천시 마장면 억만리로 137,4,폐업,03,03,부속의원,13,1,0234030911,,,경기도 이천시 마장면 회억리 산 46번지,120 105 101,"내과, 정형외과, 재활의학과",2334.71,2024-05-28 13:14:22
4080000,PHMA320234080023041300001,2023-11-17,,영업/정상,,,,,17558,사단법인 워치타워성서책자협회 부속치과의원,I,2026-03-11 01:46:49,"경기도 안성시 공도읍 신두만곡로 73, 워치타워성서책자협회",0,영업중,13,01,부속의원,1,0,0316900109,217356.158684093    ,388839.765365159    ,경기도 안성시 공도읍 양기리 377 워치타워성서책자협회,412 411 409 408 407 406 403 402,"구강악안면외과, 치과보철과, 치주과, 치과보존과, 구강내과, 영상치의학과, 예방치과, 통합치의학과",64.62,2025-11-05 17:55:15
4080000,PHMA320064080023041300001,2006-05-23,,영업/정상,,,,,17578,하나원부속의원,U,2026-05-16 03:03:03,"경기도 안성시 아양로 12, 안성우체국,사서함 18호 (석정동)",0,영업중,13,01,부속의원,3,0,0316709336,223327.798136986    ,389702.610214131    ,경기도 안성시 석정동 266-11,101 103 110 111 122,"내과, 정신건강의학과, 산부인과, 소아청소년과, 가정의학과",135.76,2026-05-15 06:13:33
4080000,PHMA320234080023041300003,2023-11-24,,영업/정상,,,,,17578,하나원 부속 치과의원,I,2026-03-14 21:30:25,"경기도 안성시 아양로 12, 안성우체국, 사서함 18호 (석정동)",0,영업중,13,01,부속의원,2,0,0316709414,223327.798136986    ,389702.610214131    ,경기도 안성시 석정동 266-11,403,치과보철과,114.91,2026-03-13 03:13:34
4080000,PHMA320234080023041300002,2023-11-24,,영업/정상,,,,,17578,하나원 부속 한의원,I,2026-03-11 01:46:50,"경기도 안성시 아양로 12, 안성우체국, 사서함 18호 (석정동)",0,영업중,13,01,부속의원,1,0,0316709302,223327.798136986    ,389702.610214131    ,경기도 안성시 석정동 266-11,301,한방내과,15.75,2025-11-20 15:04:47
4080000,PHMA319964080023041300001,1996-12-02,,영업/정상,,,,,17558,워치타워부속의원,U,2026-05-14 03:03:03,"경기도 안성시 공도읍 신두만곡로 73, 워치타워성서책자협회 가동 1층",2,영업중,13,01,부속의원,7,2,,217356.158684093    ,388839.765365159    ,,101 104 112 122,"내과, 외과, 안과, 가정의학과",429.2,2026-05-13 11:54:01
4181000,PHMA320184180029041300001,2018-02-27,,영업/정상,,,,,24407,법무부 춘천소년원 부속의원,I,2025-12-15 16:15:28,"강원특별자치도 춘천시 동내면 장안길 51, 신촌정보통신학교",0,영업중,13,01,부속의원,0,0,0332619201,267143.53777908     ,482864.895747453    ,강원특별자치도 춘천시 동내면 신촌리 365번지 2호 신촌정보통신학교,125 122 115 114 113 112 111 107 106 105 104 102 101,"내과, 신경과, 외과, 정형외과, 신경외과, 심장혈관흉부외과, 소아청소년과, 안과, 이비인후과, 피부과, 비뇨의학과, 가정의학과, 응급의학과",132.3,2022-06-16 21:43:20
4181000,PHMA320104180029021300001,2010-06-10,,영업/정상,,,,,24342,강원지방병무청,I,2025-12-15 16:15:28,"강원특별자치도 춘천시 백령로 15, 강원지방병무청 (효자동)",0,영업중,13,01,병무청,1,0,0332406285,264724.970869134    ,485095.099377436    ,강원특별자치도 춘천시 효자동 349번지 2호 강원지방병무청,604,병무청,0,2018-06-01 16:23:50
4201000,PHMA320054200028041300009,2005-09-26,,영업/정상,,,,210-949,25522,강릉교도소부속의원,I,2025-12-15 16:15:28,강원특별자치도 강릉시 공제로 413-15 (홍제동),0,영업중,13,01,부속의원,1,0,0336498275,364326.798647208    ,473468.99462148     ,강원특별자치도 강릉시 홍제동 720번지,오류 101 104 401,"내과, 외과, 치과",102,2024-02-11 18:43:19
4201000,PHMA320024200028021300001,2002-07-31,,영업/정상,,,,210-928,25590,강원영동병무지청,I,2025-12-15 16:15:28,강원특별자치도 강릉시 율곡로 2705 (노암동),0,영업중,13,01,부속의원,1,0,0336494244,368033.264743839    ,473511.195337033    ,강원특별자치도 강릉시 노암동 200번지 11호,101,내과,0,2024-09-23 11:09:57
4231000,PHMA320204230018041300001,2020-07-13,,영업/정상,,,,,24802,강원북부교도소부속의원,I,2025-12-15 16:15:28,"강원특별자치도 속초시 동해대로4511번길 13, 1층 (장사동)",0,영업중,13,01,부속의원,5,0,0336347575,336728.917646398    ,524603.115792629    ,강원특별자치도 속초시 장사동 산 50,122 114 105 104 101,"내과, 외과, 정형외과, 피부과, 가정의학과",397.64,2020-07-14 17:44:33
4251000,PHMA320194250013041300001,2019-12-17,,폐업,2021-12-01,,,,25115,11사단의무대,I,2025-12-15 16:15:28,강원특별자치도 홍천군 북방면 홍천로 132,0,폐업,03,03,부속의원,8,0,0334306055,275915.986457378    ,465942.531084887    ,,407 403 301 105 104 103 101,"내과, 정신건강의학과, 외과, 정형외과, 한방내과, 치과보철과, 치과보존과",1225.8,2021-11-25 14:38:50
4251000,PHMA320204250013041300001,2020-01-13,,영업/정상,,,,,25156,20기갑여단의무중대,I,2025-12-15 16:15:28,강원특별자치도 홍천군 화촌면 송정3길 16,0,영업중,13,01,부속의원,4,0,0334357067,282696.19104074     ,471362.92658692     ,강원특별자치도 홍천군 화촌면 송정리 19번지 2호,406 114 105 101,"내과, 정형외과, 피부과, 치주과",481.66,2021-05-12 10:34:10
4281000,PHMA320104280009041300001,2010-04-16,,폐업,2010-09-24,,,232-912,,편한부속의원,I,2025-12-15 16:15:28,,0,폐업,03,03,부속의원,1,0,,328546.241411583    ,445058.714557925    ,강원특별자치도 평창군 대화면 대화리 1006번지,101 104 111 105 114 115 120,"내과, 외과, 정형외과, 소아청소년과, 피부과, 비뇨의학과, 재활의학과",176.48,2010-09-27 09:18:01
4281000,PHMA320234281034041300001,2023-08-10,,영업/정상,,,,,25347,대한체육회 평창동계훈련센터 부속 의원,I,2025-12-15 16:15:28,"강원특별자치도 평창군 대관령면 올림픽로 108-27, 평창동계훈련센터",0,영업중,13,01,부속의원,2,0,0333350465,350192.502933508    ,464491.694787984    ,강원특별자치도 평창군 대관령면 횡계리 364-1 평창동계훈련센터,105,정형외과,279.47,2025-03-27 09:24:23
4311000,PHMA320134310010041300001,2013-01-15,,영업/정상,,,,,24137,제2하나원 부속의원,I,2025-12-15 16:15:28,"강원특별자치도 화천군 간동면 간척월명로 307, 간동우체국 사서함 2호",0,영업중,13,01,부속의원,7,0,0334403670,271640.548992749    ,506077.457649608    ,강원특별자치도 화천군 간동면 오음리 612-1 간동우체국 사서함 2호,408 301 101,"내과, 한방내과, 구강내과",298.38,2025-04-08 16:16:09
4390000,PHMA320054390029041300001,2005-09-29,,취소/말소/만료/정지/중지,2015-10-20,,,,27315,충주구치소부속의원,I,2026-04-29 22:30:44,충청북도 충주시 산척면 천등박달로 222,29,직권폐업,24,04,의원,2,8,0438569701,285495.079172366    ,398838.088472218    ,,101,내과,575.56,2015-10-20 17:18:25
4390000,PHMA320054390029041300002,2005-09-29,,영업/정상,,,,380-832,27315,충주구치소부속의원,I,2026-04-29 22:30:44,충청북도 충주시 산척면 천등박달로 222,3,영업중,13,01,부속의원,2,1,0438569701,285495.079172366    ,398838.088472218    ,충청북도 충주시 산척면 송강리 1151번지 1호,101,내과,575.56,2024-07-25 13:54:00
4450000,PHMA320124450014041300001,2012-06-13,,영업/정상,,,,,27809,대한체육회 국가대표선수촌 부속의원,I,2026-02-07 22:30:20,충청북도 진천군 광혜원면 선수촌로 105,0,영업중,13,01,부속의원,6,0,0435310072,237678.623044808    ,386083.250489432    ,,105 120 122,"정형외과, 재활의학과, 가정의학과",401.4,2026-02-06 07:21:39
4480000,PHMA320104480018041300001,2010-07-28,,폐업,2010-11-17,,,395-836,,국민보건의료소비자생활협동조합부속의료기관 영춘치과의원,I,2026-05-11 22:30:38,,0,폐업,03,03,부속의원,1,0,,,,충청북도 단양군 영춘면 상리 421번지,401,치과,90.64,2010-11-17 16:13:02
4490000,PHMA320054490042041300002,2005-09-27,,영업/정상,,,,331-280,31081,천안개방교도소부속의원,I,2026-05-07 22:30:46,충청남도 천안시 서북구 천일고1길 63 (신당동),0,영업중,13,01,부속의원,1,0,0415597374,214415.592874488    ,372880.234016883    ,충청남도 천안시 서북구 신당동 112번지 개방교도소,301 122 101,"내과, 가정의학과, 한방내과",0,2021-09-09 09:27:02
4490000,PHMA320004490042041300001,2000-07-18,,영업/정상,,,,,31086,삼성SDI부속의원,I,2026-05-07 22:30:45,"충청남도 천안시 서북구 번영로 467 (성성동,외 2필지 2층)",0,영업중,13,01,부속의원,4,0,0415603959,210317.989512109    ,371442.350718251    ,,101 103 104 105 112 114 122,"내과, 정신건강의학과, 외과, 정형외과, 안과, 피부과, 가정의학과",234.84,2025-04-15 13:45:59
4490000,PHMA320024490042041300001,2002-07-04,,영업/정상,,,,331-710,31086,삼성천안부속의원,I,2026-05-07 22:30:45,충청남도 천안시 서북구 번영로 465 (성성동),0,영업중,13,01,부속의원,6,0,0419253117,210214.074983585    ,371135.756827183    ,충청남도 천안시 서북구 성성동 510번지,101 104 122 114 105 112 103,"내과, 정신건강의학과, 외과, 정형외과, 안과, 피부과, 가정의학과",167.42,2025-12-30 14:01:11
4490000,PHMA320054490042041300001,2005-09-23,,영업/정상,,,,331-835,31051,천안교도소부속의원,I,2026-05-07 22:30:46,충청남도 천안시 서북구 성거읍 천일고1길 127,25,영업중,13,01,부속의원,2,11,0415217600,214751.72459362     ,373290.039100336    ,충청남도 천안시 서북구 성거읍 신월리 산 27번지,101 122 401,"내과, 가정의학과, 치과",0,2021-01-06 14:03:04
4490000,PHMA320084490042041300001,2008-09-04,,폐업,2009-11-20,,,331-835,,천안소년교도소천안지소부속의원,I,2026-05-07 22:30:46,,11,폐업,03,03,부속의원,3,4,,,,충청남도 천안시서북구 성거읍 신월리 산 27번지,101 104,"내과, 외과",124.96,2009-11-20 14:25:25
4500000,PHMA320054500029041300001,2005-09-29,,영업/정상,,,,,32589,공주교도소부속의원,I,2026-05-03 22:30:38,충청남도 공주시 장기로 21-45 (금흥동),0,영업중,13,01,부속의원,1,0,,212632.954410947    ,331495.734127366    ,충청남도 공주시 금흥동 360번지 공주교도소,101 104,"내과, 외과",124.48,2024-03-20 14:40:05
4520000,PHMA320094520031041300002,2009-04-29,,영업/정상,,,,,31454,코닝정밀소재(주)부속의원,I,2026-05-09 22:30:43,충청남도 아산시 탕정면 탕정로 212,0,영업중,13,01,부속의원,3,0,0415201178,204965.87520872     ,368347.416349848    ,,101 104 105 106 115 124,"내과, 외과, 정형외과, 신경외과, 비뇨의학과, 직업환경의학과",241.8,2024-01-09 10:54:56
4520000,PHMA320114520031041300001,2011-07-05,,영업/정상,,,,,31454,삼성디스플레이(주) 아산2 부속의원,U,2026-05-22 03:03:03,충청남도 아산시 탕정면 탕정로 380-2,0,영업중,13,01,부속의원,9,0,0416239372,205572.745307463    ,368619.108181335    ,,101 103 104 105 112 114 122,"내과, 정신건강의학과, 외과, 정형외과, 안과, 피부과, 가정의학과",304.88,2026-05-21 23:13:41
4520000,PHMA320134520031041300001,2013-10-18,,영업/정상,,,,,31454,삼성디스플레이(주) 아산1 부속의원,U,2026-05-16 03:03:03,충청남도 아산시 탕정면 삼성로 181,0,영업중,13,01,부속의원,9,0,0415352357,205626.079105033    ,368076.885738105    ,,101 103 104 105 112 114 122,"내과, 정신건강의학과, 외과, 정형외과, 안과, 피부과, 가정의학과",424.04,2026-05-15 00:13:35
4520000,PHMA320094520031041300001,2009-03-02,,폐업,2010-09-30,,,336-030,,성원의료소비자생활협동조합부속성원메디컬의원,I,2026-05-09 22:30:42,충청남도 아산시 번영로 172 (권곡동),0,폐업,03,03,부속의원,1,0,,200799.366185498    ,364862.029907816    ,충청남도 아산시 권곡동 550번지 55호,114 101 122 109,"내과, 마취통증의학과, 피부과, 가정의학과",22,2010-09-30 13:33:22
4520000,PHMA320054520031041300001,2005-07-19,,영업/정상,,,,,31489,삼성전자㈜온양사업장부속의원,I,2026-05-09 22:30:42,"충청남도 아산시 배방읍 배방로 158, 정문동 1,3층",0,영업중,13,01,부속의원,8,0,0415408815,205631.312131464    ,362807.165640017    ,충청남도 아산시 배방읍 북수리 723,124 122 114 113 112 104 103 101,"내과, 정신건강의학과, 외과, 안과, 이비인후과, 피부과, 가정의학과, 직업환경의학과",395.8,2025-12-29 09:10:04
4530000,PHMA320054530030041300001,2005-10-05,,영업/정상,,,,,31930,홍성교도소 서산지소 부속의원,I,2026-05-10 22:30:42,충청남도 서산시 성연면 두치로 343,0,영업중,13,01,부속의원,1,0,0416696891,154198.023114901    ,369102.577312275    ,,101,내과,217.03,2024-12-13 10:24:08
4550000,PHMA320114550041041300001,2011-04-26,,영업/정상,,,,312-706,32723,한국타이어앤테크놀러지(주)금산공장부속의원,I,2025-12-15 16:15:28,충청남도 금산군 제원면 금강로 1 (한국타이어),0,영업중,13,01,부속의원,3,0,0417505127,247722.699628029    ,290645.76301838     ,충청남도 금산군 제원면 명암리 433번지 한국타이어,122 101 104 113 114,"내과, 외과, 이비인후과, 피부과, 가정의학과",174.3,2025-10-27 13:02:54
4550000,PHMA320094550041041300001,2009-03-24,,폐업,2010-10-18,,,312-853,,심천의료소비자생활협동조합  부속 신동무릉한의원,I,2025-12-15 16:15:28,충청남도 금산군 남일면 신동길 239,0,폐업,03,03,부속의원,1,0,,243655.368476183    ,277298.236181179    ,충청남도 금산군 남일면 신동리 688번지,101,내과,283,2010-10-18 13:18:14
4600000,PHMA320054600019041300001,2005-09-28,,영업/정상,,,,,32244,홍성교도소부속의원,I,2026-04-29 22:30:36,충청남도 홍성군 홍성읍 충서로 1245,0,영업중,13,01,부속의원,1,0,0416308600,169046.61183916     ,343006.3418566      ,충청남도 홍성군 홍성읍 옥암리 305,101 104,"내과, 외과",77.62,2019-11-12 11:54:11
4600000,PHMA320104600019041300001,2010-01-07,,폐업,2014-11-20,,,350-805,,홍성의료소비자생활협동조합 부속이사랑치과의원,I,2026-04-29 22:30:36,충청남도 홍성군 홍성읍 의사로72번길 30-11,0,폐업,03,03,부속의원,1,0,0416312840,170846.490223695    ,344658.872703815    ,충청남도 홍성군 홍성읍 대교리 696번지 1호,401,치과,84.13,2014-11-20 10:13:01
4641000,PHMA320104640131021300001,2010-02-02,,폐업,2010-11-01,,,560-252,,우리들의료소비자생활협동조합부속우리들한의원,I,2026-05-11 22:30:41,"전북특별자치도 전주시 완산구 화산천변로 24 (중화산동2가,302호)",5,폐업,03,03,기타,1,0,,210445.597706353    ,257897.36934325     ,전북특별자치도 전주시 완산구 중화산동2가 752번지 3호 302호,607 301 302 303 304 305 306 307 308,"한방내과, 한방부인과, 한방소아과, 한방안·이비인후·피부과, 한방신경정신과, 한방재활의학과, 사상체질과, 침구과, 기타",427.31,2010-11-01 18:07:12
4641000,PHMA320184640131041300001,2018-03-06,,영업/정상,,,,,55145,전주소년원부속의원,I,2026-05-11 22:30:41,전북특별자치도 전주시 덕진구 과학로 45-25 (송천동2가),0,영업중,13,01,부속의원,1,0,0639002581,211079.898239998    ,264061.27492103     ,전북특별자치도 전주시 덕진구 송천동2가 376번지 31호,122 111 103 101,"내과, 정신건강의학과, 소아청소년과, 가정의학과",77.76,2025-01-31 19:28:19
4641000,PHMA319694640131021300001,1969-10-01,,영업/정상,,,,,54896,전북대학교보건진료소,I,2026-05-11 22:30:40,전북특별자치도 전주시 덕진구 백제대로 567 (금암동),0,영업중,13,01,학교시설,1,0,0632703983,211946.248805144    ,260605.22207451     ,,606,학교시설,50,2025-08-01 13:39:14
4641000,PHMA319974640131021300001,1997-05-15,,영업/정상,,,,,55033,전북지방병무청,I,2026-05-11 22:30:41,전북특별자치도 전주시 완산구 관선3길 14 (남노송동),0,영업중,13,01,병무청,1,0,,213884.762604601    ,257833.743506185    ,,604,병무청,100,2015-07-07 16:26:35
4671000,PHMA320054670076041300001,2005-09-26,,영업/정상,,,,,54172,군산교도소부속의원,I,2026-05-11 22:30:36,전북특별자치도 군산시 옥구읍 할미로 127,9,영업중,13,01,부속의원,1,9,0634690375,172949.848657606    ,270701.187188807    ,,101,내과,0,2025-04-04 10:31:04
4671000,PHMA320104670076041300002,2010-08-23,,폐업,2017-06-01,,,573-450,54001,현대중공업(주)군산조선소부속의원,I,2026-05-11 22:30:38,전북특별자치도 군산시 서해로 625 (비응도동),0,폐업,03,03,부속의원,2,0,0634477513,158127.628315317    ,274114.725989687    ,전북특별자치도 군산시 비응도동 7번지,101 104 105 114 124 122,"내과, 외과, 정형외과, 피부과, 가정의학과, 직업환경의학과",109.9,2017-06-14 18:00:18
4671000,PHMA320104670076041300005,2010-11-22,,폐업,2010-11-25,,,573-540,,미성의료보건소비자생활협동조합 부속 새만금한의원,I,2026-05-11 22:30:39,,0,폐업,03,03,부속의원,1,0,,159360.906518709    ,273444.30316877     ,전북특별자치도 군산시 오식도동 513번지,301 304 308 306,"한방내과, 한방안·이비인후·피부과, 한방재활의학과, 침구과",142,2010-11-25 15:05:12
4671000,PHMA320104670076041300004,2010-11-22,,폐업,2010-11-25,,,573-540,,미성의료보건소비자생활협동조합 부속 새만금의원,I,2026-05-11 22:30:39,,0,폐업,03,03,부속의원,1,0,,159360.906518709    ,273444.30316877     ,전북특별자치도 군산시 오식도동 513번지,101 104 114 115 122,"내과, 외과, 피부과, 비뇨의학과, 가정의학과",136.25,2010-11-25 15:06:47
4671000,PHMA320104670076041300003,2010-10-28,,폐업,2010-11-20,,,573-540,,미성의료보건소비자생활협동조합 새만금의원,I,2026-05-11 22:30:38,,0,폐업,03,03,부속의원,2,0,,159360.906518709    ,273444.30316877     ,전북특별자치도 군산시 오식도동 513번지,105 106 122 101 104 114 115 301 308,"내과, 외과, 정형외과, 신경외과, 피부과, 비뇨의학과, 가정의학과, 한방내과, 침구과",291.5,2010-11-22 14:34:39
4671000,PHMA320104670076041300001,2010-02-16,,폐업,2010-12-31,,,573-180,,미성의료보건소비자생활협동조합부속 미원동양반한의원,I,2026-05-11 22:30:38,,2,폐업,03,03,부속의원,1,11,,,,"전북특별자치도 군산시 미원동 46,54번지",101 110 113 102 122 114,"내과, 신경과, 산부인과, 이비인후과, 피부과, 가정의학과",185,2010-12-31 09:42:23
4671000,PHMA320104670076021300001,2010-01-19,,폐업,2010-01-25,,,573-500,,미성의료보건소비자생활협동조합 부속 서군산병원,I,2026-05-11 22:30:37,,9,폐업,03,03,부속병원,2,35,,,,전북특별자치도 군산시 산북동 2483-1번지,101 122 105 114,"내과, 정형외과, 피부과, 가정의학과",1344,2010-01-25 20:29:55
4681000,PHMA320094680066041300001,2009-11-18,,폐업,2010-10-26,,,570-964,,가람의료소비자생활협동조합부속 기분좋은 가람한의원,I,2026-05-04 22:30:40,전북특별자치도 익산시 서동로 109 (마동),0,폐업,03,03,부속의원,2,0,,196622.077641159    ,270490.895485258    ,전북특별자치도 익산시 마동 349번지 5호,607 301 308 302 303 304 305,"한방내과, 한방부인과, 한방소아과, 한방안·이비인후·피부과, 한방신경정신과, 침구과, 기타",208.74,2010-10-26 10:24:21
4691000,PHMA320154690107041300001,2015-08-25,,영업/정상,,,,,56213,정읍교도소부속의원,I,2026-05-01 22:30:42,전북특별자치도 정읍시 소성면 저동길  45,0,영업중,13,01,부속의원,5,0,0639289114,181595.071845631    ,230628.803418093    ,전북특별자치도 정읍시 소성면 17번지 3호,101 104 211,"내과, 외과, 치과",131.88,2018-12-06 22:13:13
4701000,PHMA320104700020041300001,2010-03-18,,폐업,2010-10-09,,,590-050,,대한복지의료소비자생활협동조합 부속 미소한의원,I,2026-05-09 22:30:42,전북특별자치도 남원시 남문로 445 (하정동),0,폐업,03,03,부속의원,1,0,,234453.890551727    ,211974.638245694    ,전북특별자치도 남원시 하정동 104번지,101 113 120,"내과, 이비인후과, 재활의학과",211,2010-10-11 19:35:44
4721000,PHMA319964720018041300001,1996-01-05,,폐업,2014-12-31,,,565-902,,정읍아산병원부속현대자동차(주)의원,I,2026-05-07 22:30:38,전북특별자치도 완주군 봉동읍 완주산단5로 163,0,폐업,03,03,부속의원,3,0,0632605183,212315.869357311    ,271677.643046873    ,전북특별자치도 완주군 봉동읍 용암리 800번지,101 104 111 110 105,"내과, 외과, 정형외과, 산부인과, 소아청소년과",690.49,2020-10-30 18:59:10
4800000,PHMA320124800026041300002,2012-08-24,,폐업,2013-09-25,,,530-847,,사단법인한국노동협회부속 하당의원,I,2026-05-11 22:34:10,"전라남도 목포시 부흥로 97, 2층 (옥암동)",0,폐업,03,03,부속의원,1,0,0612622900,147901.438262809    ,145237.500039601    ,전라남도 목포시 옥암동 1007번지 4호 2층,105 122 101 102 115 114 113 109 120,"내과, 신경과, 정형외과, 마취통증의학과, 이비인후과, 피부과, 비뇨의학과, 재활의학과, 가정의학과",261.88,2014-02-25 09:28:47
4810000,PHMA320134810029041300001,2013-02-06,,영업/정상,,,,,59638,여수출입국관리사무소 부속의원,I,2026-05-10 22:33:08,전라남도 여수시 무선로 265 (화장동),0,영업중,13,01,부속의원,2,0,0616895565,258968.587378192    ,142660.181870664    ,,101 104,"내과, 외과",205.2,2023-05-22 17:56:49
4810000,PHMA319754810029041300001,1976-06-08,,영업/정상,,,,,59614,GS칼텍스(주)부속의원,I,2026-05-10 22:33:08,전라남도 여수시  여수산단로  1083-101 (월내동),0,영업중,13,01,부속의원,2,0,0616802068,266419.929774587    ,151693.58649138     ,,101 104 113 114 115 120 122,"내과, 외과, 이비인후과, 피부과, 비뇨의학과, 재활의학과, 가정의학과",396,2024-11-11 16:52:31
4810000,PHMA320224810029041300001,2022-06-15,,영업/정상,,,,,59611,(주)LG화학부속의원,I,2026-05-10 22:33:08,"전라남도 여수시 여수산단2로 55, LG화학(주) (화치동)",0,영업중,13,01,부속의원,6,0,0616801104,259909.290951513    ,145097.004150682    ,전라남도 여수시 화치동 70-1 LG화학(주),104 101,"내과, 외과",198.34,2026-04-20 09:40:56
4820000,PHMA320054820026041300001,2005-09-27,,영업/정상,,,,,57905,순천교도소부속의원,I,2025-12-15 16:15:28,"전라남도 순천시 서면 백강로 790, 순천교도소",0,영업중,13,01,부속의원,1,0,0617512114,245492.162460053    ,166065.79396624     ,전라남도 순천시 서면 선평리 356-1,105 104 103 101,"내과, 정신건강의학과, 외과, 정형외과",566.46,2025-04-18 09:34:40
4820000,PHMA320184820026041300001,2018-06-28,,영업/정상,,,,,58035,현대제철(주)순천공장 부속의원,I,2026-01-22 22:30:35,전라남도 순천시 해룡면 인덕로 300,0,영업중,13,01,부속의원,3,0,0617204479,253318.337093572    ,157415.127680928    ,전라남도 순천시 해룡면 신성리 897번지,104 101,"내과, 외과",140,2026-01-21 13:25:38
4840000,PHMA319864840022041300001,1986-03-10,,영업/정상,,,,,57807,광양제철소부속의원,U,2026-05-09 03:03:03,전라남도 광양시 금호로 396 (금호동),0,영업중,13,01,부속의원,10,0,0617902634,267171.743116583    ,159531.010904174    ,,101 104 122,"내과, 외과, 가정의학과",2032.19,2026-05-08 04:43:27
4860000,PHMA320084860017041300001,2000-12-26,,영업/정상,,,,516-941,57509,금호타이어 부속의원,I,2026-05-05 22:31:12,전라남도 곡성군 입면 금호길 85-63,0,영업중,13,01,부속의원,3,0,0613603081,218817.593159961    ,201494.363325893    ,전라남도 곡성군 입면 서봉리 145번지,101 104 111 114,"내과, 외과, 소아청소년과, 피부과",590.85,2025-04-04 03:13:16
4860000,PHMA320084860017041300002,2008-03-10,,영업/정상,,,,,57509,금호부속치과의원,I,2026-05-05 22:31:13,전라남도 곡성군 입면 금호길 85-63,0,영업중,13,01,부속의원,1,0,0633603084,218817.593159961    ,201494.363325893    ,,403 406,"치과보철과, 치주과",0,2024-08-16 11:42:59
4910000,PHMA320054910015041300001,2005-09-30,,영업/정상,,,,529-863,59345,장흥교도소 부속의원,I,2025-12-15 16:15:28,전라남도 장흥군 용산면 장흥대로 2667,0,영업중,13,01,부속의원,1,0,0618609705,190765.028272956    ,125718.070323956    ,전라남도 장흥군 용산면 어산리 471번지,122 104 101,"내과, 외과, 가정의학과",335,2019-08-13 15:44:47
4930000,PHMA320104930013041300001,2010-04-16,,영업/정상,,,,536-824,59021,해남교도소부속의원,I,2025-12-15 16:15:28,전라남도 해남군 옥천면 해남로 521,28,영업중,13,01,부속의원,5,10,0615309300,167160.054466784    ,119928.660045432    ,전라남도 해남군 옥천면 영신리 191번지,101 104 105 109 401,"내과, 외과, 정형외과, 마취통증의학과, 치과",549,2022-05-13 01:13:18
4940000,PHMA320224940017041300001,2022-04-20,,영업/정상,,,,,58462,HD현대삼호 부속의원,I,2026-04-29 22:30:39,"전라남도 영암군 삼호읍 대불로 93, HD현대삼호 건강증진센터 2,3층",0,영업중,13,01,부속의원,3,0,0614602493,142497.368382062    ,138213.508744531    ,,122,가정의학과,603.76,2025-04-04 10:39:23
4950000,PHMA320054950018041300001,2005-10-06,,영업/정상,,,,534-702,58574,목포교도소부속의원,I,2025-12-15 16:15:28,전라남도 무안군 일로읍 일로중앙로 78,29,영업중,13,01,부속의원,4,12,0612844101,153060.215138467    ,150912.475119269    ,전라남도 무안군 일로읍 월암리 600번지 목포교도소,109 104 101,"내과, 외과, 마취통증의학과",514,2017-09-05 18:38:55
4970000,PHMA320204970018041300001,2020-11-24,,휴업,,2026-04-03,2026-08-01,,57001,한국수력원자력(주) 한빛본부 부속의원,U,2026-04-28 03:03:03,"전라남도 영광군 홍농읍 홍농로 846, 한빛원자력본부",0,휴업,02,02,부속의원,2,0,0613573439,147836.761057074    ,213687.189932068    ,,122,가정의학과,653.4,2026-04-27 09:20:30
5000000,PHMA320065000025021300001,2006-06-01,,영업/정상,,,,,58933,진도군노인전문요양병원,I,2026-05-11 22:30:33,"전라남도 진도군 의신면 운림산방로 31, 진도노인전문요양병원",66,영업중,13,01,부속병원,6,13,0615403004,133663.40766983     ,107685.345453329    ,전라남도 진도군 의신면 침계리 841-14 진도노인전문요양병원,308 306 101,"내과, 한방재활의학과, 침구과",1498,2021-09-30 14:41:58
5020000,PHMA319755020055041300001,1975-03-10,,폐업,2022-03-09,,,790-785,37859,㈜포스코부속의원,I,2026-05-10 22:00:34,경상북도 포항시 남구 동해안로6213번길 27 (동촌동),0,폐업,03,03,부속의원,5,0,0542207033,415225.023716335    ,279903.292124307    ,경상북도 포항시 남구 동촌동 701번지 45호 (주)포스코부속의원,101 104,"내과, 외과",1391.73,2022-03-11 00:13:27
5020000,PHMA320065020056041300002,2006-05-15,,영업/정상,,,,,37565,포항교도소부속치과의원,I,2026-05-10 22:00:35,"경상북도 포항시 북구 흥해읍 동해대로 1001, 포항교도소",0,영업중,13,01,부속의원,0,0,0542627850,409290.583652471    ,288262.945039773    ,,411,예방치과,120.2,2025-03-18 16:48:19
5020000,PHMA320225020055041300001,2022-03-08,,영업/정상,,,,,37859,(주)포스코부속의원,I,2026-05-10 22:00:35,"경상북도 포항시 남구 동해안로6213번길 27, 보건지원센타 (동촌동)",0,영업중,13,01,부속의원,8,0,0542207023,415225.023716335    ,279903.292124307    ,경상북도 포항시 남구 동촌동 701-45 보건지원센타,124 104 101,"내과, 외과, 직업환경의학과",1877,2026-02-27 02:13:26
5020000,PHMA319915020055041300001,1991-10-16,,영업/정상,,,,,37864,현대제철㈜부속의원,I,2026-05-10 22:00:35,경상북도 포항시 남구 동해안로 6363 (송내동),0,영업중,13,01,부속의원,4,0,0542711319,413898.506765784    ,280998.235658233    ,,101 104,"내과, 외과",496,2026-02-23 09:12:21
5020000,PHMA320065020056041300001,2006-04-13,,영업/정상,,,,,37565,포항교도소부속의원,I,2026-05-10 22:00:35,경상북도 포항시 북구 흥해읍 동해대로 1001,29,영업중,13,01,부속의원,3,13,0542621100,409290.583652471    ,288262.945039773    ,,101 104 110 114,"내과, 외과, 산부인과, 피부과",200,2019-07-19 00:43:17
5050000,PHMA320205050041041300001,2020-08-12,,폐업,2021-01-08,,,,38218,한국수력원자력(주) 월성원자력본부 부속의원,I,2026-05-10 21:30:39,경상북도 경주시 양남면 동해안로 696-13,0,폐업,03,03,부속의원,4,0,0547793650,423775.100439076    ,248677.16714348     ,경상북도 경주시 양남면 나아리 944,101 122 123,"내과, 가정의학과, 핵의학과",46.53,2021-01-12 11:35:20
5050000,PHMA320205050041041300002,2020-09-17,,폐업,2021-01-08,,,,38120,한국수력원자력(주) 본사 부속의원,I,2026-05-10 21:30:40,경상북도 경주시 양북면 불국로 1655,0,폐업,03,03,부속의원,1,0,0547043119,416027.45173845     ,257564.598588027    ,경상북도 경주시 양북면 장항리 1270,126,예방의학과,279.41,2021-01-12 11:34:57
5050000,PHMA320215050041041300001,2021-06-25,,폐업,2021-10-12,,,,38218,한국수력원자력(주) 월성원자력본부 부속의원,I,2026-05-10 21:30:40,경상북도 경주시 양남면 동해안로 696-13,0,폐업,03,03,부속의원,4,0,0312893743,423775.100439076    ,248677.16714348     ,경상북도 경주시 양남면 나아리 944,123,핵의학과,45.8,2021-10-15 12:52:49
5050000,PHMA320055050041041300001,2005-12-01,,영업/정상,,,,780-853,38197,경주교도소부속의원,I,2026-05-10 21:30:39,경상북도 경주시 내남면 포석로 550,0,영업중,13,01,부속의원,1,0,0547403150,399500.176518582    ,256620.75321608     ,경상북도 경주시 내남면 용장리 산 6번지 4호,101 120,"내과, 재활의학과",153.54,2008-12-02 13:42:13
5060000,PHMA320055060023041300002,2005-09-22,,영업/정상,,,,740-702,39655,김천소년교도소부속치과의원,I,2026-03-10 21:30:40,경상북도 김천시 영남대로 1968 (지좌동),0,영업중,13,01,부속의원,3,0,0544362191,302959.514459305    ,291183.868931818    ,경상북도 김천시 지좌동 588번지,401,치과,59.5,2017-08-10 15:37:31
5060000,PHMA320055060023041300001,2005-09-22,,영업/정상,,,,740-702,39655,김천소년교도소부속의원,I,2026-03-10 21:30:39,경상북도 김천시 영남대로 1968 (지좌동),0,영업중,13,01,부속의원,0,0,0544362191,302959.514459305    ,291183.868931818    ,경상북도 김천시 지좌동 588번지,101 104,"내과, 외과",758.74,2023-01-17 16:31:48
5070000,PHMA320055070014041300002,2005-10-31,,영업/정상,,,,,36621,안동교도소부속치과의원,I,2025-12-15 16:15:28,"경상북도 안동시 풍산읍 경서로 4380-23, 안동교도소",0,영업중,13,01,부속의원,1,0,0548512562,342933.217864485    ,344532.57593103     ,경상북도 안동시 풍산읍 상리리 108번지 1호 안동교도소,411,예방치과,36,2020-01-07 15:16:39
5070000,PHMA320055070014041300001,2005-10-31,,영업/정상,,,,,36621,안동교도소부속의원,I,2025-12-15 16:15:28,"경상북도 안동시 풍산읍 경서로 4380-23, 안동교도소",0,영업중,13,01,부속의원,7,0,0548587191,342933.217864485    ,344532.57593103     ,경상북도 안동시 풍산읍 상리리 108번지 1호 안동교도소,101,내과,324,2020-01-07 14:54:12
5080000,PHMA319965080035041300002,1996-07-26,,영업/정상,,,,730-708,39369,엘에스전선(주)부속의원,I,2026-05-10 21:30:41,경상북도 구미시 수출대로 228 (공단동),0,영업중,13,01,부속의원,2,0,0544697258,325175.372818699    ,290728.185663039    ,경상북도 구미시 공단동 엘에스전선(주)구미공장,122 114 113 112 110 105 104 102 101,"내과, 신경과, 외과, 정형외과, 산부인과, 안과, 이비인후과, 피부과, 가정의학과",120,2026-01-09 03:43:25
5080000,PHMA320075080035041300001,2007-04-03,,영업/정상,,,,,39401,엘지디스플레이(주)부속의원,I,2026-05-10 21:30:41,경상북도 구미시 3공단2로 174 (시미동),0,영업중,13,01,부속의원,5,0,0547113237,326770.323978299    ,289207.262595923    ,,101 104 108 110 112 113 114 122,"내과, 외과, 성형외과, 산부인과, 안과, 이비인후과, 피부과, 가정의학과",336.6,2024-04-29 14:25:05
5080000,PHMA320115080035041300001,2011-08-31,,휴업,,2024-04-01,2026-03-01,,39402,엘지디스플레이(주) P62부속의원,I,2026-05-10 21:30:41,경상북도 구미시 3공단2로 181 (시미동),0,휴업,02,02,부속의원,2,0,0547173243,326391.023591066    ,289364.401701312    ,경상북도 구미시 시미동 162,101 122 113 104,"내과, 외과, 이비인후과, 가정의학과",99,2024-04-29 14:26:29
5080000,PHMA319965080035041300001,1996-09-06,,영업/정상,,,,,39388,삼성전자(주)2공장부속의원,I,2026-05-10 21:30:41,"경상북도 구미시 3공단3로 302, 삼성전자 2공장 E동 2층 (임수동)",0,영업중,13,01,부속의원,6,0,0544795088,327246.920067768    ,290666.358443785    ,경상북도 구미시 임수동 94-1 삼성전자 2공장,122 120 114 113 112 105 104 103 101,"내과, 정신건강의학과, 외과, 정형외과, 안과, 이비인후과, 피부과, 재활의학과, 가정의학과",211,2026-01-02 09:49:39
5080000,PHMA319945080035041300001,1994-05-23,,영업/정상,,,,730-710,39366,코오롱인더스트리부속의원,I,2026-05-10 21:30:41,경상북도 구미시 수출대로 48 (공단동),0,영업중,13,01,부속의원,3,0,0544693097,323161.122286762    ,290545.370026936    ,경상북도 구미시 공단동 212번지,122,가정의학과,120,2025-05-15 11:55:48
5080000,PHMA319885080035041300001,1988-10-26,,휴업,,2025-01-01,2026-12-31,730-031,39376,삼성전자(주)1공장부속의원,I,2026-05-10 21:30:41,경상북도 구미시 1공단로 244 (공단동),0,휴업,02,02,부속의원,3,0,0544602131,325226.724824836    ,289696.353589839    ,경상북도 구미시 공단1동 259번지,122 120 114 113 112 105 104 101,"내과, 외과, 정형외과, 안과, 이비인후과, 피부과, 재활의학과, 가정의학과",112,2025-12-24 16:45:01
5080000,PHMA320125080035041300001,2012-11-08,,폐업,2023-07-19,2022-07-20,2023-07-19,,39394,엘지디스플레이(주) 1단지부속의원,I,2026-05-10 21:30:41,"경상북도 구미시 3공단2로 209, LG Display 1공장 (진평동)",0,폐업,03,03,부속의원,1,0,0547177071,326371.30897824     ,289684.006404768    ,경상북도 구미시 진평동 642번지 3호 LG Display 1공장,101 113 122 104 112 114 108 110,"내과, 외과, 성형외과, 산부인과, 안과, 이비인후과, 피부과, 가정의학과",81,2024-01-01 16:42:05
5080000,PHMA319895080035041300001,1989-08-08,,영업/정상,,,,730-031,39349,도레이첨단소재 부속의원,I,2026-05-10 21:30:41,경상북도 구미시 구미대로 102 (공단동),0,영업중,13,01,부속의원,2,0,0544694219,322880.789749307    ,289138.355637875    ,경상북도 구미시 공단1동 287번지,101 104,"내과, 외과",80,2024-04-22 19:16:46
5110000,PHMA320145110034041300001,2014-06-26,,영업/정상,,,,742-962,37123,상주교도소 부속의원,I,2025-12-15 16:15:28,"경상북도 상주시 사벌국면 목가2길 130, 1, 2층",29,영업중,13,01,부속의원,1,11,0545371572,307068.392535678    ,334953.200865875    ,경상북도 상주시 사벌국면 목가리 산 50번지,113,이비인후과,787.19,2023-03-24 04:43:30
5160000,PHMA320055160011041300005,2005-09-27,,영업/정상,,,,,37402,경북북부제1교도소부속의원,I,2026-05-10 21:30:38,경상북도 청송군 진보면 양정길 231,0,영업중,13,01,부속의원,1,0,0548729511,384081.157192538    ,340906.385220069    ,경상북도 청송군 진보면 광덕리 2번지,101 401,"내과, 치과",0,2018-11-19 15:23:21
5160000,PHMA320055160011041300003,2005-09-21,,영업/정상,,,,,37402,경북북부제3교도소 부속의원,I,2026-05-10 21:30:37,경상북도 청송군 진보면 양정길 231,0,영업중,13,01,부속의원,0,0,,384081.157192538    ,340906.385220069    ,경상북도 청송군 진보면 광덕리 산 2번지,401 104 101,"내과, 외과, 치과",50,2023-03-17 01:43:22
5160000,PHMA320055160011041300004,2005-09-27,,영업/정상,,,,,37402,경북북부직업훈련교도소부속의원,I,2026-05-10 21:30:37,경상북도 청송군 진보면 양정길 231,0,영업중,13,01,부속의원,1,0,0548729507,384081.157192538    ,340906.385220069    ,경상북도 청송군 진보면 광덕리 2번지,101 104,"내과, 외과",50,2022-09-06 14:25:25
5160000,PHMA320055160011041300001,2005-09-27,,취소/말소/만료/정지/중지,2015-10-17,,,,37402,경북북부1교도소 부속의원,I,2026-05-10 21:30:36,경상북도 청송군 진보면 양정길 110,1,직권폐업,24,04,부속의원,1,0,,384050.047528116    ,340139.025973844    ,,104 101,"내과, 외과",50,2015-10-17 12:01:02
5160000,PHMA320055160011041300002,2005-09-23,,영업/정상,,,,,37402,경북북부제2교도소 부속의원,I,2026-05-10 21:30:36,경상북도 청송군 진보면 양정길 110,0,영업중,13,01,부속의원,1,0,,384050.047528116    ,340139.025973844    ,경상북도 청송군 진보면 광덕리 55번지 2호,101 104 401,"내과, 외과, 치과",50,2019-08-26 17:45:31
5250000,PHMA320205250079041300001,2020-10-16,,영업/정상,,,,,36313,한국수력원자력(주)한울본부 부속의원,U,2026-05-19 03:03:03,경상북도 울진군 북면 울진북로 2040,0,영업중,13,01,부속의원,3,0,0547854993,411263.922780223    ,402156.431169634    ,,122,가정의학과,536.7,2026-05-18 16:17:37
5330000,PHMA320055330023041300001,2005-09-26,,영업/정상,,,,,53029,통영구치소 부속의원,I,2025-12-15 16:15:28,경상남도 통영시 용남면 용남해안로 277,18,영업중,13,01,부속의원,3,6,,332051.400927747    ,152520.890426706    ,,101 104 122,"내과, 외과, 가정의학과",505.8,2024-04-19 03:43:20
5350000,PHMA320095350029041300001,2009-04-27,,폐업,2010-12-23,2010-07-01,2010-09-30,621-901,,샬롬의료소비자생활협동조합샬롬김해부속의원,I,2025-12-15 16:15:28,"경상남도 김해시 구산로 33 (구산동,1, 3층)",25,폐업,03,03,부속의원,7,6,,370336.842289433    ,196024.905934475    ,"경상남도 김해시 구산동 1070번지 4호 1, 3층",101 104 110 122,"내과, 외과, 산부인과, 가정의학과",528,2010-12-23 17:53:57
5360000,PHMA319995360021041300001,1999-07-19,,폐업,2012-04-09,2011-08-01,2012-07-31,627-843,,영남의료재단부설상동의원,I,2026-03-26 22:47:12,,0,폐업,03,03,부속의원,1,0,,,,경상남도 밀양시 상동면 안인리 297-1번지,105 106 101 122,"내과, 정형외과, 신경외과, 가정의학과",0,2012-04-09 11:10:26
5370000,PHMA320105370025041300001,2010-09-30,,영업/정상,,,,,53206,삼성신한내부속의원,I,2026-05-10 21:30:37,경상남도 거제시 연초면 연하해안로 825,0,영업중,13,01,부속의원,2,0,0556311038,345714.823732588    ,160531.996278106    ,,101 104 112 113 114,"내과, 외과, 안과, 이비인후과, 피부과",97.5,2026-03-06 04:43:16
5370000,PHMA319935370025041300001,1993-07-01,,영업/정상,,,,,53261,삼성중공업부속의원,I,2026-05-10 21:30:36,경상남도 거제시 장평3로 80 (장평동),0,영업중,13,01,부속의원,14,0,0556303488,346399.237199992    ,156840.927799368    ,,113 112 104 103 101,"내과, 정신건강의학과, 외과, 안과, 이비인후과",1829,2026-03-20 06:13:19
5370000,PHMA320045370025041300001,2004-01-03,,영업/정상,,,,656-714,53302,한화오션부속의원,I,2026-05-10 21:30:37,경상남도 거제시 거제대로 3370 (아주동),0,영업중,13,01,부속의원,9,0,0557341003,354971.870040002    ,153918.327283835    ,경상남도 거제시 아주동 1번지,104 101 106 105,"내과, 외과, 정형외과, 신경외과",1846,2025-07-04 07:43:16
5380000,PHMA320105380021041300001,2010-02-23,,폐업,2010-05-03,,,626-854,,경남의료소비자생활협동조합 부속삼성의원,I,2026-05-10 21:30:36,경상남도 양산시 상북면 삼계4길 8,0,폐업,03,03,부속의원,1,0,,387366.732055321    ,215298.032371979    ,경상남도 양산시 상북면 석계리 29번지 13호,101 102 106 105 104 113 111 114 115,"내과, 신경과, 외과, 정형외과, 신경외과, 소아청소년과, 이비인후과, 피부과, 비뇨의학과",155.66,2010-05-03 13:38:19
5450000,PHMA319965450011041300001,1996-03-05,,폐업,2017-09-05,,,666-801,52227,성심원부속의원,I,2026-05-10 21:30:35,경상남도 산청군 산청읍 산청대로1381번길 17,0,폐업,03,03,부속의원,3,0,0559736966,282342.622946337    ,209484.453572384    ,경상남도 산청군 산청읍 내리 94번지 1호,101 122 114 112,"내과, 안과, 피부과, 가정의학과",868.82,2017-09-05 17:04:22
5450000,PHMA320105450011041300001,2010-03-26,,폐업,2010-11-06,,,666-913,,생초한의원,I,2026-05-10 21:30:36,,0,폐업,03,03,부속의원,1,0,0559739782,275492.931561906    ,221738.075450998    ,경상남도 산청군 생초면 어서리 766번지 3호,301 303 306 309 308 305 302 304 307,"한방내과, 한방부인과, 한방소아과, 한방안·이비인후·피부과, 한방신경정신과, 한방재활의학과, 사상체질과, 침구과, 한방응급과",184.27,2010-11-05 16:37:01
5460000,PHMA320095460011041300001,2009-12-28,,폐업,2010-12-16,,,676-823,,경남의료소비자생활협동조합 부속 안의경희한의원,I,2026-03-26 22:32:54,경상남도 함양군 안의면 광풍로 133,0,폐업,03,03,부속의원,1,0,,273495.13297598     ,236833.275964789    ,경상남도 함양군 안의면 금천리 49번지 18호,301 302 303 304 308,"한방내과, 한방부인과, 한방소아과, 한방안·이비인후·피부과, 침구과",94.34,2010-12-16 16:53:59
5470000,PHMA320105470012041300001,2010-03-04,,폐업,2010-05-25,,,670-914,,가조경희부속한의원,I,2025-12-15 16:15:28,경상남도 거창군 가조면 가조가야로 1112 (2층),0,폐업,03,03,부속의원,1,0,,291915.984636083    ,246053.520908685    ,경상남도 거창군 가조면 마상리 312번지 9호 2층,101,내과,136,2010-05-25 14:53:29
5470000,PHMA320235470012041300001,2023-05-04,,영업/정상,,,,,50130,거창구치소 부속의원,I,2025-12-15 16:15:28,"경상남도 거창군 거창읍 거열산성로 73, 거창구치소",0,영업중,13,01,부속의원,1,0,0559404775,280953.611378579    ,243970.426491906    ,경상남도 거창군 거창읍 가지리 1354 거창구치소,412 122 114 105 104 101,"내과, 외과, 정형외과, 피부과, 가정의학과, 통합치의학과",397.64,2025-04-23 10:35:34
5530000,PHMA319905530021041300001,1990-10-08,,폐업,2021-12-01,,,,18571,기아자동차(주)부속의원,I,2026-03-26 22:51:44,경기도 화성시 만세구 우정읍 기아자동차로 95 (기아자동차(주)화성공장),0,폐업,03,03,부속의원,3,0,0313595085,,,,101 105 122,"내과, 정형외과, 가정의학과",198,2021-11-29 11:18:19
5530000,PHMA320065530021041300001,2006-01-03,,폐업,2009-02-15,,,445-130,,현대·기아자동차남양연구소부속의원,I,2026-03-26 22:51:44,,0,폐업,03,03,부속의원,1,0,,183629.624815046    ,405905.580491458    ,경기도 화성시 만세구 남양읍 장덕리 772-1 ,101 125 104 113 105 115 120,"내과, 외과, 정형외과, 이비인후과, 비뇨의학과, 재활의학과, 응급의학과",396,2009-02-16 13:46:57
5530000,PHMA320045530021041300001,2004-08-02,,영업/정상,,,,445-701,18448,삼성전자(주)화성부속의원,I,2026-03-26 22:51:44,경기도 화성시 병점구 삼성전자로 1 (반월동),0,영업중,13,01,부속의원,8,0,0312085588,205820.890952409    ,413028.454932076    ,경기도 화성시 병점구 반월동 948 ,101 103,"내과, 정신건강의학과",351.8,2025-12-31 15:34:31
5530000,PHMA320095530021041300002,2009-06-05,,영업/정상,,,,445-861,18539,화성직업훈련교도소부속의원,I,2026-03-26 22:51:44,경기도 화성시 만세구 마도면 화성로 741,29,영업중,13,01,부속의원,3,10,0313579400,179823.464677355    ,411977.010669595    ,경기도 화성시 만세구 마도면 석교리 238번지 7호 (의무병사수용동),101 104 110 114 122 105,"내과, 외과, 정형외과, 산부인과, 피부과, 가정의학과",1471.14,2019-11-08 15:17:56
5530000,PHMA320135530021041300001,2013-01-15,,영업/정상,,,,445-707,18538,화성외국인보호소부속의원,I,2026-03-26 22:51:44,"경기도 화성시 만세구 마도면 화성로 739, 2층",0,영업중,13,01,부속의원,3,0,03180557022,179823.464677355    ,411977.010669595    ,경기도 화성시 만세구 마도면 석교리 238번지 7호,101 104 114 122 113 112,"내과, 외과, 안과, 이비인후과, 피부과, 가정의학과",167.72,2018-08-16 16:57:14
5530000,PHMA320145530021041300001,2014-01-28,,영업/정상,,,,445-330,18448,삼성전자(주) 부품연구동부속의원,I,2026-03-26 22:51:44,"경기도 화성시 병점구 삼성전자로 1-1 (반월동, 부품연구동)",0,영업중,13,01,부속의원,7,0,03180960123,205820.890952409    ,413028.454932076    ,경기도 화성시 병점구 반월동 948 ,101 114 103,"내과, 정신건강의학과, 피부과",482.6,2025-12-31 16:23:53
5530000,PHMA320215530439041300001,2021-10-21,,영업/정상,,,,,18274,화성시청부속한의원,I,2026-03-26 22:51:44,"경기도 화성시 만세구 남양읍 시청로 159, 화성시청 2층 일부호",0,영업중,13,01,부속의원,2,0,03151893742,184950.092475941    ,410842.216461486    ,경기도 화성시 만세구 남양읍 남양리 2000 화성시청,308 307 306 305 304 302 301,"한방내과, 한방부인과, 한방안·이비인후·피부과, 한방신경정신과, 한방재활의학과, 사상체질과, 침구과",85.53,2025-02-07 02:43:34
5530000,PHMA320235530506041300001,2023-10-30,,영업/정상,,,,,18448,삼성전자 화성 H2 부속의원,U,2026-04-04 03:03:03,"경기도 화성시 동탄구 동탄중앙로 307, GATE2 경비동 2층 (석우동)",0,영업중,13,01,부속의원,0,0,0313255571,206411.866325764    ,412607.677091555    ,경기도 화성시 동탄구 석우동 25,103,정신건강의학과,75.42,2026-04-03 07:48:06
5580000,PHMA320215580013041300001,2021-04-21,,영업/정상,,,,,32800,아미부속의원,I,2026-05-11 22:30:32,"충청남도 계룡시 신도안면 계룡대로 663, 육군본부 라 123호",0,영업중,13,01,부속의원,2,0,0425501620,219673.060051033    ,311078.661619873    ,충청남도 계룡시 신도안면 부남리 167,105,정형외과,17,2021-05-04 14:16:07
5670000,PHMA319955270048041300001,1995-03-04,,폐업,2012-12-31,2012-09-01,2012-12-31,642-716,,삼성테크윈㈜ 제1사업장 부속의원,I,2026-05-10 21:30:41,경상남도 창원시 성산구 정동로 84 (성주동),5,폐업,03,03,부속의원,1,0,,353575.872304404    ,190113.823849698    ,경상남도 창원시 성산구 성주동 42번지,101 104 105 106 114 121 113 122 124,"내과, 외과, 정형외과, 신경외과, 이비인후과, 피부과, 결핵과, 가정의학과, 직업환경의학과",0,2013-12-06 13:29:46
5670000,PHMA320085270048041300001,2008-12-05,,폐업,2009-08-20,,,641-809,,자비의원,I,2026-05-10 21:30:41,,29,폐업,03,03,부속의원,3,4,,,,"경상남도 창원시 도계동 333번지 13호 2, 3층",101 111 104 113 105 106 114 115 122,"내과, 외과, 정형외과, 신경외과, 소아청소년과, 이비인후과, 피부과, 비뇨의학과, 가정의학과",420,2010-07-05 00:00:00
5670000,PHMA320245670554041300002,2024-05-30,,휴업,,2025-11-17,2026-11-16,,51456,창원지방법원부속의원,I,2026-05-10 21:30:42,"경상남도 창원시 성산구 창이대로 681, 창원지방법원 2층 (사파동)",0,휴업,02,02,부속의원,2,0,0552392174,354759.252993774    ,193045.139189464    ,경상남도 창원시 성산구 사파동 1 창원지방법원,114 113 101,"내과, 이비인후과, 피부과",47.12,2026-05-04 11:25:07
5670000,PHMA320245670554041300001,2024-05-03,,영업/정상,,,,,51533,현대위아(주)부속의원,I,2026-05-10 21:30:42,"경상남도 창원시 성산구 정동로 153, 현대위아 5동 (가음정동)",0,영업중,13,01,부속의원,3,0,0552809123,353647.51771901     ,190694.594665857    ,경상남도 창원시 성산구 가음정동 391-8 현대위아 5동,124 122 120 114 105 104 101,"내과, 외과, 정형외과, 피부과, 재활의학과, 가정의학과, 직업환경의학과",161.43,2025-09-12 13:33:49
5670000,PHMA320225670554041300001,2022-07-29,,휴업,,2026-04-04,2026-04-06,,51539,한국지엠 주식회사 창원공장 부속의원,I,2026-05-10 21:30:42,"경상남도 창원시 성산구 창원대로 1124, 지엠대우창원공장 (성주동)",0,휴업,02,02,부속의원,3,0,,354934.615950986    ,189907.545549006    ,,101 104 105 114 124,"내과, 외과, 정형외과, 피부과, 직업환경의학과",274,2026-04-02 17:19:03
5670000,PHMA320095270048041300001,2009-09-07,,영업/정상,,,,,51540,한화에어로스페이스(주)창원2사업장 부속의원,I,2026-05-10 21:30:41,경상남도 창원시 성산구 공단로 799 (성주동),0,영업중,13,01,부속의원,2,0,0552806175,355025.056298504    ,188836.412467087    ,경상남도 창원시 성산구 성주동 30번지 한화디펜스(주) 복지관 2층,110 104 101 111,"내과, 외과, 산부인과, 소아청소년과",115.29,2025-11-12 16:42:28
5670000,PHMA320065270048041300001,2006-03-17,,영업/정상,,,,,51711,두산에너빌리티㈜부속의원,I,2026-05-10 21:30:41,"경상남도 창원시 성산구 두산볼보로 22 (귀곡동, 두산중공업(주))",0,영업중,13,01,부속의원,5,0,0552787390,346439.554644013    ,187974.54164321     ,,126 122 114 113 112 106 105 104 101,"내과, 외과, 정형외과, 신경외과, 안과, 이비인후과, 피부과, 가정의학과, 예방의학과",0,2025-11-28 16:06:10
5670000,PHMA320045270048041300001,2004-07-09,,영업/정상,,,,641-808,51407,현대로템주식회사부속의원,I,2026-05-10 21:30:41,경상남도 창원시 성산구 창원대로 488 (대원동),0,영업중,13,01,부속의원,2,0,,349668.928930286    ,193382.637972067    ,경상남도 창원시 성산구 대원동 85번지,101 104 105 120 106 126 124 112 114,"내과, 외과, 정형외과, 신경외과, 안과, 피부과, 재활의학과, 직업환경의학과, 예방의학과",0,2022-10-11 16:10:16
5670000,PHMA320035270048041300001,2003-03-18,,영업/정상,,,,,51554,LG전자㈜ 창원2공장부속의원,I,2026-05-10 21:30:41,경상남도 창원시 성산구 완암로 84 (성산동),0,영업중,13,01,부속의원,3,0,0552693197,351659.031614518    ,191116.418020208    ,,114 111 109 106 105 104 101,"내과, 외과, 정형외과, 신경외과, 마취통증의학과, 소아청소년과, 피부과",0,2026-04-06 18:02:17
5670000,PHMA319945270048041300001,1994-01-31,,영업/정상,,,,,51533,㈜LG창원1공장부속의원,I,2026-05-10 21:30:41,경상남도 창원시 성산구 성산패총로 170 (가음정동),0,영업중,13,01,부속의원,3,0,0552603138,353240.613697726    ,191099.409801746    ,,101 104 111 114,"내과, 외과, 소아청소년과, 피부과",250,2024-09-23 20:20:03
5670000,PHMA319925270048041300001,1992-12-14,,영업/정상,,,,641-709,51439,경남지방병무청,I,2026-05-10 21:30:41,경상남도 창원시 성산구 중앙대로250번길 13 (신월동),0,영업중,13,01,병무청,2,0,0552799224,353891.496340649    ,194105.173503083    ,경상남도 창원시 성산구 신월동 103번지 3호,101 104,"내과, 외과",0,2017-06-19 17:03:52
5670000,PHMA319915270048041300001,1991-11-20,,영업/정상,,,,,51537,주식회사 디엔솔루션즈 부속의원,I,2026-05-10 21:30:41,경상남도 창원시 성산구 정동로162번길 40 (남산동),0,영업중,13,01,부속의원,2,0,0552804175,354271.215309729    ,190384.459429431    ,,101 104,"내과, 외과",0,2024-01-19 11:47:30
5670000,PHMA320105280165041300001,2010-06-18,,폐업,2012-01-16,,,631-421,,희망의료소비자생활협동조합부속 큰한의원,I,2026-05-10 21:30:41,,0,폐업,03,03,부속의원,1,0,,,,경상남도 마산시 중앙동1가 8번지 13호,301 302 303 304 305 306 307 308,"한방내과, 한방부인과, 한방소아과, 한방안·이비인후·피부과, 한방신경정신과, 한방재활의학과, 사상체질과, 침구과",149.2,2012-01-16 17:47:21
5680000,PHMA320114630020041300001,2011-01-18,,영업/정상,,,,343-712,31719,현대제철당진제철소제2부속의원,U,2026-04-25 03:03:03,충청남도 당진시 송산면 북부산업로 1480,0,영업중,13,01,부속의원,7,0,0416806171,173960.614401532    ,388305.450216613    ,충청남도 당진시 송산면 동곡리 350번지,101 104,"내과, 외과",532.87,2026-04-24 05:43:28
5680000,PHMA320165680060041300001,2016-12-28,,폐업,2019-10-02,2019-03-06,2019-08-08,,31736,(주)실버프리부속의원,I,2025-12-15 16:15:28,충청남도 당진시 송악읍 가청로 237-7,0,폐업,03,03,부속의원,1,0,0413561811,174653.689375859    ,374904.005520692    ,,111 104 103 101,"내과, 정신건강의학과, 외과, 소아청소년과",62.99,2019-10-04 14:39:27
5680000,PHMA320064630020041300001,2006-11-29,,영업/정상,,,,,31719,현대제철㈜당진공장부속의원,U,2026-05-15 03:03:03,"충청남도 당진시 송악읍 북부산업로 1480, 현대제철주식회사",0,영업중,13,01,부속의원,10,0,0416801436,175667.163275009    ,386853.34778612     ,충청남도 당진시 송악읍 고대리 167번지 32호 현대제철주식회사 한마음관   16동,101 104,"내과, 외과",151,2026-05-14 22:43:39
5690000,PHMA320124560018041300001,2012-01-11,,영업/정상,,,,,30067,삼성전기(주) 부속의원,I,2026-02-07 21:00:20,"세종특별자치시 연동면 삼성길 25, 4동 1층",0,영업중,13,01,부속의원,3,0,0448611348,229731.766596321    ,337763.664287012    ,,122 101 104 114 112 115 113 105 110 103,"내과, 정신건강의학과, 외과, 정형외과, 산부인과, 안과, 이비인후과, 피부과, 비뇨의학과, 가정의학과",345,2026-02-06 06:13:17
5690000,PHMA320175690045041300001,2017-10-10,,영업/정상,,,,,30112,정부세종청사 중앙동 부속한의원,I,2025-12-15 16:15:28,"세종특별자치시 도움6로 42, 정부세종청사 중앙동 2층 의무실(일부)호 (어진동)",0,영업중,13,01,부속의원,1,0,0442041417,223634.261553682    ,333541.625480343    ,세종특별자치시 어진동 572 정부세종청사 중앙동,308 301,"한방내과, 침구과",49.2,2023-10-24 09:45:46
5690000,PHMA320135690045041300002,2013-02-25,,폐업,2024-12-01,,,,30064,세종청사 부속의원,I,2025-12-15 16:15:28,"세종특별자치시 다솜2로 94, 5동 301호 (어진동, 정부세종청사)",0,폐업,03,03,부속의원,1,0,0442001560,223705.0477597      ,333774.1199688      ,,122,가정의학과,89,2024-11-25 13:18:35
5690000,PHMA320135690045041300001,2013-01-09,,폐업,2021-09-24,2021-06-21,2021-12-31,,30064,세종청사부속치과의원,I,2025-12-15 16:15:28,"세종특별자치시 다솜2로 94, 5동 301호 (어진동, 정부세종청사)",0,폐업,03,03,부속의원,0,0,0442001562,223705.0477597      ,333774.1199688      ,,401,치과,70,2021-09-30 09:08:19
5690000,PHMA320145690045041300002,2014-12-11,,영업/정상,,,,,30112,정부세종청사 중앙동 부속의원,I,2026-01-10 21:00:20,"세종특별자치시 도움6로 42, 정부세종청사 중앙동 2층 일부호 (어진동)",0,영업중,13,01,부속의원,2,0,0442003871,223634.261553682    ,333541.625480343    ,세종특별자치시 어진동 572 정부세종청사 중앙동,122,가정의학과,86.51,2026-01-09 05:13:18
5690000,PHMA320155690045041300001,2015-04-01,,영업/정상,,,,,30118,세종청사 제2부속한의원,I,2025-12-15 16:15:28,"세종특별자치시 한누리대로 402, 13동 434호 (어진동, 정부세종청사)",0,영업중,13,01,부속의원,2,0,0442031404,223232.522488578    ,333213.191040321    ,,301 308,"한방내과, 침구과",138.18,2023-02-10 00:13:17
5690000,PHMA320155690045041300002,2015-04-01,,영업/정상,,,,,30064,세종청사 부속한의원,I,2025-12-15 16:15:28,"세종특별자치시 다솜2로 94, 5동 301호 (어진동, 정부세종청사)",0,영업중,13,01,부속의원,2,0,0442001566,223705.0477597      ,333774.1199688      ,,308 301,"한방내과, 침구과",82,2023-02-09 23:13:17
5690000,PHMA320145690045041300001,2014-04-28,,폐업,2024-12-01,,,,30118,세종청사 제2부속의원,I,2025-12-15 16:15:28,"세종특별자치시 한누리대로 402, 산업통상자원부, 중앙토지수용위원회 13동 434호 (어진동)",0,폐업,03,03,부속의원,1,0,0442031400,223232.522488578    ,333213.191040321    ,"세종특별자치시 어진동 584 산업통상자원부, 중앙토지수용위원회",122,가정의학과,84.07,2024-11-25 13:19:12
5700000,PHMA320114110016041300001,2011-01-24,,영업/정상,,,,469-852,12612,소망교도소부속의원,I,2026-03-26 22:47:57,경기도 여주시 북내면 아가페길 140,16,영업중,13,01,부속의원,1,8,0318875916,257876.823556934    ,429773.296772028    ,경기도 여주시 북내면 외룡리 16번지 1호 16-1,101 104,"내과, 외과",382.55,2023-03-20 09:18:58
5700000,PHMA320024110016041300001,2002-12-11,,영업/정상,,,,469-885,12655,여주교도소부속의원,I,2026-03-26 22:47:57,경기도 여주시 가남읍 양화로 107,29,영업중,13,01,부속의원,2,12,,248382.719389422    ,414910.99287386     ,경기도 여주시 가남읍 신해리 212번지,101 104,"내과, 외과",1194.6,2016-02-04 18:03:00
5710000,PHMA320094360069041300001,2009-09-16,,폐업,2009-10-26,,,360-060,,청주아올의료소비자생활협동조합부속우리의원,I,2026-05-07 22:30:49,"충청북도 청주시 상당구 영운로 165  (석교동,2층)",0,폐업,03,03,부속의원,2,0,,243929.444994424    ,347550.192025969    ,충청북도 청주시 상당구 석교동 126번지 14호 2층,122 101 104 105 114 113,"내과, 외과, 정형외과, 이비인후과, 피부과, 가정의학과",360.88,2014-07-14 18:01:18
5710000,PHMA319994360079041300001,1999-08-27,,영업/정상,,,,,28429,에스케이하이닉스청주사업장부속의원㈜,I,2026-05-07 22:30:49,"충청북도 청주시 흥덕구 대신로 215, 71동 2층 (향정동, 하이닉스반도체청주사업장)",0,영업중,13,01,부속의원,13,0,0439072292,238706.006459774    ,350123.384367965    ,충청북도 청주시 흥덕구 향정동 1번지,112 104 101,"내과, 외과, 안과",888.58,2025-04-01 09:51:30
5710000,PHMA320054360079041300001,2005-09-26,,영업/정상,,,,,28634,청주교도소부속의원,I,2026-05-07 22:30:49,충청북도 청주시 서원구 청남로1887번길 49 (미평동),0,영업중,13,01,부속의원,5,0,,242433.45257266     ,344802.964321803    ,청주시흥덕구 미평동 148,101 104,"내과, 외과",975.32,2023-03-10 05:15:56
5710000,PHMA320054360079041300002,2005-09-26,,영업/정상,,,,361-708,28634,청주여자교도소부속의원,I,2026-05-07 22:30:49,충청북도 청주시 서원구 청남로1887번길 78 (산남동),0,영업중,13,01,부속의원,7,0,,242479.399121993    ,345123.860102406    ,충청북도 청주시 서원구 산남동 24번지,101 104 110,"내과, 외과, 산부인과",0,2018-03-16 00:13:41
5710000,PHMA320094360079021300001,2009-06-08,,영업/정상,,,,361-102,,충북지방병무청,I,2026-05-07 22:30:49,충청북도 청주시 서원구 남사로 33 (사직동),0,영업중,13,01,병무청,1,0,,242714.528274317    ,347933.430752929    ,충청북도 청주시 서원구 사직2동 38번지,604,병무청,0,2015-11-04 16:21:05
5710000,PHMA320124410018041300001,2012-06-05,,영업/정상,,,,,28159,오송타운부속의원,I,2026-05-07 22:30:49,"충청북도 청주시 흥덕구 오송읍 오송생명2로 187, 중앙후생관 8동 의무실",0,영업중,13,01,부속의원,1,0,0437190141,229455.624233336    ,348743.572371492    ,충청북도 청주시 흥덕구 오송읍 연제리 643 중앙후생관 8동 의무실,101 122 113,"내과, 이비인후과, 가정의학과",34,2024-12-27 00:45:06
5710000,PHMA320124410018041300002,2012-06-05,,영업/정상,,,,,28159,오송타운부속치과의원,I,2026-05-07 22:30:49,"충청북도 청주시 흥덕구 오송읍 오송생명2로 187, 중앙후생관 8동 의무실",0,영업중,13,01,부속의원,0,0,0437190142,229455.624233336    ,348743.572371492    ,,412,통합치의학과,49.87,2024-08-19 17:43:48
5710000,PHMA320134360079041300001,2013-01-10,,영업/정상,,,,362-202,28634,청주외국인보호소 부속의원,I,2026-05-07 22:30:50,충청북도 청주시 서원구 청남로1887번길 49 (미평동),0,영업중,13,01,부속의원,0,0,,242247.871673057    ,344880.592560002    ,충청북도 청주시 서원구 미평동 148번지 (3층),101 104,"내과, 외과",20.89,2026-03-13 07:15:22
5710000,PHMA320165710108021300001,2016-01-25,,영업/정상,,,,,28159,질병관리청,I,2026-05-07 22:30:50,충청북도 청주시 흥덕구 오송읍 오송생명2로 187 (질병관리본부),0,영업중,13,01,기타,1,0,0437197282,229455.624233336    ,348743.572371492    ,충청북도 청주시 흥덕구 오송읍 642번지,607,기타,0,2022-01-21 15:00:28
5710000,PHMA320185710107041300001,2018-03-12,,영업/정상,,,,,28632,청주소년원부속의원,I,2026-05-07 22:30:50,"충청북도 청주시 서원구 남지로41번길 23, 미평학교 (미평동)",0,영업중,13,01,부속의원,1,0,0432797502,241514.527134613    ,344650.315535717    ,충청북도 청주시 서원구 미평동 258번지 미평고등학교,125 122 115 114 113 112 111 110 108 107 106 105 104 103 102 101,"내과, 신경과, 정신건강의학과, 외과, 정형외과, 신경외과, 심장혈관흉부외과, 성형외과, 산부인과, 소아청소년과, 안과, 이비인후과, 피부과, 비뇨의학과, 가정의학과, 응급의학과",58.2,2024-11-01 01:45:13
5710000,PHMA320225710108041300001,2022-05-11,,영업/정상,,,,,28122,LG에너지솔루션 부속의원,I,2026-05-07 22:30:50,충청북도 청주시 흥덕구 옥산면 과학산업3로 29,0,영업중,13,01,부속의원,4,0,0432197180,237081.354151502    ,355094.620921702    ,,101 103 104 105 112 113 114 115 120 124 126,"내과, 정신건강의학과, 외과, 정형외과, 안과, 이비인후과, 피부과, 비뇨의학과, 재활의학과, 직업환경의학과, 예방의학과",230,2025-09-11 21:45:42
5710000,PHMA320225710108041300002,2022-07-13,,영업/정상,,,,,28441,LG화학 부속의원,I,2026-05-07 22:30:50,"충청북도 청주시 흥덕구 백봉로 39, LG화학청주공장 (송정동)",0,영업중,13,01,부속의원,2,0,0432617280,239553.07203812     ,350214.835704619    ,,104 122,"외과, 가정의학과",186.2,2025-06-11 10:09:29
5710000,PHMA319744360079041300001,1974-08-20,,폐업,2005-07-01,,,,,대농부속의원,I,2026-05-07 22:30:48,,0,폐업,03,03,부속의원,0,0,,,,청주시흥덕구 복대동 555,101 104,"내과, 외과",0,2014-07-14 18:01:18
5710000,PHMA319924360079041300001,1992-10-26,,폐업,2007-07-11,,,,,(주)엘지화학청주공장부속의원,I,2026-05-07 22:30:49,,0,폐업,03,03,부속의원,2,0,,,,청주시흥덕구 송정동 150,101 104,"내과, 외과",122.33,2014-07-14 18:01:18
6510000,PHMA319006510096021300001,1900-01-01,,영업/정상,,,,,63081,사단법인대한결핵협회제주특별자치도지부,I,2025-12-15 16:15:28,제주특별자치도 제주시 원노형3길 14 (노형동),0,영업중,13,01,기타,1,0,0647421367,152020.752252864    ,-955.182260183595   ,제주특별자치도 제주시 노형동 909-10,607,기타,0,2020-08-28 14:01:27
6510000,PHMA320056510096041300001,2005-09-29,,영업/정상,,,,690-750,63147,제주교도소부속의원,I,2025-12-15 16:15:28,제주특별자치도 제주시 정실동길 51 (오라이동),0,영업중,13,01,부속의원,1,0,0647412851,154916.780817668    ,-3660.09193894687   ,제주특별자치도 제주시 오라이동 161번지,101,내과,166.2,2020-05-13 14:53:24
6510000,PHMA320186510097041300001,2018-03-06,,영업/정상,,,,,63037,제주소년원부속의원,I,2025-12-15 16:15:28,제주특별자치도 제주시 애월읍 장소로 515,0,영업중,13,01,부속의원,1,0,0647979100,142750.988262188    ,-9448.43707556695   ,제주특별자치도 제주시 애월읍 소길리 산 194번지 5호,125 122 121 115 114 113 112 111 109 108 107 105 104 103 102 101,"내과, 신경과, 정신건강의학과, 외과, 정형외과, 심장혈관흉부외과, 성형외과, 마취통증의학과, 소아청소년과, 안과, 이비인후과, 피부과, 비뇨의학과, 결핵과, 가정의학과, 응급의학과",62.44,2023-05-19 05:43:37
6510000,PHMA320076510096021300001,2007-02-07,,영업/정상,,,,,63219,제주지방병무청,I,2025-12-15 16:15:28,"제주특별자치도 제주시 청사로 59, 정부제주지방합동청사 (도남동)",0,영업중,13,01,병무청,1,0,0647203232,155799.60366093     ,-500.786045439052   ,제주특별자치도 제주시 도남동 662 정부제주지방합동청사,604,병무청,0,2023-03-14 14:25:03
6510000,PHMA320186510096041300001,2018-11-22,,영업/정상,,,,,63122,제주특별자치도청부속한의원,I,2025-12-15 16:15:28,"제주특별자치도 제주시 문연로 6, 제주특별자치도청 2층 (연동)",0,영업중,13,01,부속의원,2,0,0647106442,153278.58036828     ,-721.541226795983   ,제주특별자치도 제주시 연동 312번지 1호 제주특별자치도청,308 307 306 305 304 302 301,"한방내과, 한방부인과, 한방안·이비인후·피부과, 한방신경정신과, 한방재활의학과, 사상체질과, 침구과",81.2,2018-11-22 15:49:01
6510000,PHMA320056510096041300002,2005-09-29,,영업/정상,,,,690-750,63147,제주교도소부속치과의원,I,2025-12-15 16:15:28,제주특별자치도 제주시 정실동길 51 (오라이동),0,영업중,13,01,부속의원,1,0,0647412851,154916.780817668    ,-3660.09193894687   ,제주특별자치도 제주시 오라이동 161번지,412,통합치의학과,39.78,2020-01-07 17:03:37
